Date,Price,Signal
2015-01-28,0.1408,1.0
2015-01-29,0.1417,1.0
2015-01-30,0.1413,1.0
2015-02-02,0.1417,1.0
2015-02-03,0.1409,1.0
2015-02-04,0.1393,1.0
2015-02-05,0.1411,-1.0
2015-02-06,0.1394,-1.0
2015-02-09,0.1415,-1.0
2015-02-10,0.1413,-1.0
2015-02-11,0.1416,-1.0
2015-02-12,0.1413,-1.0
2015-02-13,0.1404,1.0
2015-02-16,0.1408,1.0
2015-02-17,0.1409,1.0
2015-02-18,0.14004,1.0
2015-02-19,0.14016,1.0
2015-02-20,0.14062,1.0
2015-02-23,0.1404,1.0
2015-02-24,0.14094,0.0
2015-02-25,0.14094,-1.0
2015-02-26,0.14056,-1.0
2015-02-27,0.14266,-1.0
2015-03-02,0.14268,-1.0
2015-03-03,0.14252,-1.0
2015-03-04,0.14253,-1.0
2015-03-05,0.14387,-1.0
2015-03-06,0.1446,-1.0
2015-03-09,0.14713,-1.0
2015-03-10,0.14714,1.0
2015-03-11,0.14933,1.0
2015-03-12,0.1514,1.0
2015-03-13,0.15029,1.0
2015-03-16,0.15206,1.0
2015-03-17,0.15103,1.0
2015-03-18,0.15107,-1.0
2015-03-19,0.14819,-1.0
2015-03-20,0.15123,-1.0
2015-03-23,0.14899,-1.0
2015-03-24,0.14678,-1.0
2015-03-25,0.14765,-1.0
2015-03-26,0.14668,1.0
2015-03-27,0.14803,1.0
2015-03-30,0.1476,1.0
2015-03-31,0.14873,1.0
2015-04-01,0.15015,1.0
2015-04-02,0.14975,1.0
2015-04-03,0.14831,1.0
2015-04-06,0.14857,-1.0
2015-04-07,0.14763,-1.0
2015-04-08,0.14907,-1.0
2015-04-09,0.14945,-1.0
2015-04-10,0.15104,-1.0
2015-04-13,0.15189,-1.0
2015-04-14,0.15213,-1.0
2015-04-15,0.15104,0.0
2015-04-16,0.15091,-1.0
2015-04-17,0.14997,-1.0
2015-04-20,0.14926,-1.0
2015-04-21,0.15012,-1.0
2015-04-22,0.15014,-1.0
2015-04-23,0.15054,-1.0
2015-04-24,0.14907,-1.0
2015-04-27,0.1486,-1.0
2015-04-28,0.14777,-1.0
2015-04-29,0.1468,-1.0
2015-04-30,0.14507,-1.0
2015-05-01,0.14353,1.0
2015-05-04,0.14391,1.0
2015-05-05,0.14445,1.0
2015-05-06,0.14406,1.0
2015-05-07,0.14213,1.0
2015-05-08,0.14306,1.0
2015-05-11,0.1438,1.0
2015-05-12,0.14439,-1.0
2015-05-13,0.14355,-1.0
2015-05-14,0.14188,-1.0
2015-05-15,0.14133,-1.0
2015-05-18,0.14068,-1.0
2015-05-19,0.14239,-1.0
2015-05-20,0.1445,1.0
2015-05-21,0.1452,1.0
2015-05-22,0.14524,1.0
2015-05-25,0.14647,1.0
2015-05-26,0.14694,1.0
2015-05-27,0.148,1.0
2015-05-28,0.14782,-1.0
2015-05-29,0.14697,-1.0
2015-06-01,0.14672,-1.0
2015-06-02,0.14759,-1.0
2015-06-03,0.14464,-1.0
2015-06-04,0.14311,-1.0
2015-06-05,0.14388,1.0
2015-06-08,0.14505,1.0
2015-06-09,0.14274,1.0
2015-06-10,0.14287,1.0
2015-06-11,0.14224,1.0
2015-06-12,0.14326,1.0
2015-06-15,0.14298,-1.0
2015-06-16,0.14276,-1.0
2015-06-17,0.14315,-1.0
2015-06-18,0.14203,-1.0
2015-06-19,0.1416,-1.0
2015-06-22,0.1418,-1.0
2015-06-23,0.14194,-1.0
2015-06-24,0.14419,-1.0
2015-06-25,0.14379,0.0
2015-06-26,0.14372,-1.0
2015-06-29,0.1442,-1.0
2015-06-30,0.14356,-1.0
2015-07-01,0.14477,-1.0
2015-07-02,0.14585,-1.0
2015-07-03,0.14537,-1.0
2015-07-06,0.145,1.0
2015-07-07,0.14563,1.0
2015-07-08,0.1463,1.0
2015-07-09,0.1454,1.0
2015-07-10,0.14563,1.0
2015-07-13,0.14435,1.0
2015-07-14,0.14629,-1.0
2015-07-15,0.14616,-1.0
2015-07-16,0.14701,-1.0
2015-07-17,0.14799,-1.0
2015-07-20,0.14865,-1.0
2015-07-21,0.14869,-1.0
2015-07-22,0.14719,-1.0
2015-07-23,0.14732,-1.0
2015-07-24,0.14654,1.0
2015-07-27,0.14665,1.0
2015-07-28,0.1452,1.0
2015-07-29,0.14557,1.0
2015-07-30,0.14654,1.0
2015-07-31,0.14725,1.0
2015-08-03,0.14664,1.0
2015-08-04,0.14699,1.0
2015-08-05,0.14781,1.0
2015-08-06,0.14769,1.0
2015-08-07,0.14733,-1.0
2015-08-10,0.14683,-1.0
2015-08-11,0.1461,-1.0
2015-08-12,0.14317,-1.0
2015-08-13,0.14034,-1.0
2015-08-14,0.14009,-1.0
2015-08-17,0.1408,1.0
2015-08-18,0.14114,1.0
2015-08-19,0.1418,1.0
2015-08-20,0.1406,1.0
2015-08-21,0.13929,1.0
2015-08-24,0.13733,1.0
2015-08-25,0.13481,1.0
2015-08-26,0.13515,-1.0
2015-08-27,0.1376,-1.0
2015-08-28,0.13886,-1.0
2015-08-31,0.13999,-1.0
2015-09-01,0.13985,-1.0
2015-09-02,0.13898,-1.0
2015-09-03,0.14024,1.0
2015-09-04,0.14143,1.0
2015-09-07,0.14106,1.0
2015-09-08,0.14083,1.0
2015-09-09,0.14011,1.0
2015-09-10,0.13971,1.0
2015-09-11,0.13882,1.0
2015-09-14,0.1383,-1.0
2015-09-15,0.13881,-1.0
2015-09-16,0.13925,-1.0
2015-09-17,0.13899,-1.0
2015-09-18,0.1375,-1.0
2015-09-21,0.13889,-1.0
2015-09-22,0.14033,1.0
2015-09-23,0.1409,1.0
2015-09-24,0.13994,1.0
2015-09-25,0.14016,1.0
2015-09-28,0.14012,1.0
2015-09-29,0.13927,1.0
2015-09-30,0.13963,1.0
2015-10-01,0.14077,-1.0
2015-10-02,0.14053,-1.0
2015-10-05,0.14029,-1.0
2015-10-06,0.14054,-1.0
2015-10-07,0.13957,-1.0
2015-10-08,0.13992,-1.0
2015-10-09,0.13955,-1.0
2015-10-12,0.1387,-1.0
2015-10-13,0.13925,-1.0
2015-10-14,0.13847,-1.0
2015-10-15,0.1373,-1.0
2015-10-16,0.13846,1.0
2015-10-19,0.13866,1.0
2015-10-20,0.13876,1.0
2015-10-21,0.1387,1.0
2015-10-22,0.13886,1.0
2015-10-23,0.14161,1.0
2015-10-26,0.1429,-1.0
2015-10-27,0.14233,-1.0
2015-10-28,0.14256,-1.0
2015-10-29,0.14383,-1.0
2015-10-30,0.14314,-1.0
2015-11-02,0.14368,-1.0
2015-11-03,0.14323,1.0
2015-11-04,0.14394,1.0
2015-11-05,0.14519,1.0
2015-11-06,0.14484,1.0
2015-11-09,0.14652,1.0
2015-11-10,0.1461,1.0
2015-11-11,0.14653,-1.0
2015-11-12,0.14607,-1.0
2015-11-13,0.14521,-1.0
2015-11-16,0.14557,-1.0
2015-11-17,0.14684,-1.0
2015-11-18,0.14739,-1.0
2015-11-19,0.14692,-1.0
2015-11-20,0.14595,1.0
2015-11-23,0.1471,1.0
2015-11-24,0.14711,1.0
2015-11-25,0.14697,1.0
2015-11-26,0.14732,1.0
2015-11-27,0.14754,1.0
2015-11-30,0.14777,-1.0
2015-12-01,0.14784,-1.0
2015-12-02,0.14703,-1.0
2015-12-03,0.14726,-1.0
2015-12-04,0.14297,-1.0
2015-12-07,0.14366,-1.0
2015-12-08,0.14399,-1.0
2015-12-09,0.14299,1.0
2015-12-10,0.14138,1.0
2015-12-11,0.14196,1.0
2015-12-14,0.14094,1.0
2015-12-15,0.14071,1.0
2015-12-16,0.14153,1.0
2015-12-17,0.14158,1.0
2015-12-18,0.14232,1.0
2015-12-21,0.14195,-1.0
2015-12-22,0.14134,-1.0
2015-12-23,0.1409,-1.0
2015-12-24,0.14152,-1.0
2015-12-25,0.14078,-1.0
2015-12-28,0.14063,-1.0
2015-12-29,0.14041,-1.0
2015-12-30,0.14116,-1.0
2015-12-31,0.14092,1.0
2016-01-01,0.14171,1.0
2016-01-04,0.1418,1.0
2016-01-05,0.14126,1.0
2016-01-06,0.14252,1.0
2016-01-07,0.14147,1.0
2016-01-08,0.13886,-1.0
2016-01-11,0.13883,-1.0
2016-01-12,0.14009,-1.0
2016-01-13,0.13998,-1.0
2016-01-14,0.13973,-1.0
2016-01-15,0.13956,-1.0
2016-01-18,0.13909,1.0
2016-01-19,0.13945,1.0
2016-01-20,0.13929,1.0
2016-01-21,0.13952,1.0
2016-01-22,0.13971,1.0
2016-01-25,0.14075,1.0
2016-01-26,0.14003,-1.0
2016-01-27,0.13981,-1.0
2016-01-28,0.13936,-1.0
2016-01-29,0.13895,-1.0
2016-02-01,0.14039,-1.0
2016-02-02,0.13953,-1.0
2016-02-03,0.1391,-1.0
2016-02-04,0.13713,-1.0
2016-02-05,0.13576,1.0
2016-02-08,0.1363,1.0
2016-02-09,0.13582,1.0
2016-02-10,0.13479,1.0
2016-02-11,0.13486,1.0
2016-02-12,0.13444,1.0
2016-02-15,0.13516,1.0
2016-02-16,0.13789,-1.0
2016-02-17,0.13774,-1.0
2016-02-18,0.13765,-1.0
2016-02-19,0.1381,-1.0
2016-02-22,0.13774,-1.0
2016-02-23,0.13903,-1.0
2016-02-24,0.13897,-1.0
2016-02-25,0.13883,0.0
2016-02-26,0.13883,1.0
2016-02-29,0.13985,1.0
2016-03-01,0.14019,1.0
2016-03-02,0.14047,1.0
2016-03-03,0.14041,1.0
2016-03-04,0.13967,1.0
2016-03-07,0.13936,1.0
2016-03-08,0.13931,1.0
2016-03-09,0.13958,-1.0
2016-03-10,0.13953,-1.0
2016-03-11,0.13737,-1.0
2016-03-14,0.138,-1.0
2016-03-15,0.1386,-1.0
2016-03-16,0.13817,-1.0
2016-03-17,0.13672,-1.0
2016-03-18,0.13634,-1.0
2016-03-21,0.13711,1.0
2016-03-22,0.13721,1.0
2016-03-23,0.13736,1.0
2016-03-24,0.13742,1.0
2016-03-25,0.1373,1.0
2016-03-28,0.13749,1.0
2016-03-29,0.13723,-1.0
2016-03-30,0.1361,-1.0
2016-03-31,0.13644,-1.0
2016-04-01,0.1361,-1.0
2016-04-04,0.1354,-1.0
2016-04-05,0.13549,-1.0
2016-04-06,0.13561,1.0
2016-04-07,0.13522,1.0
2016-04-08,0.13581,1.0
2016-04-11,0.13547,1.0
2016-04-12,0.13565,1.0
2016-04-13,0.13588,1.0
2016-04-14,0.13693,1.0
2016-04-15,0.13699,1.0
2016-04-18,0.13671,-1.0
2016-04-19,0.13645,-1.0
2016-04-20,0.1362,-1.0
2016-04-21,0.13683,-1.0
2016-04-22,0.13677,-1.0
2016-04-25,0.13693,-1.0
2016-04-26,0.13668,-1.0
2016-04-27,0.13632,-1.0
2016-04-28,0.13592,1.0
2016-04-29,0.13601,1.0
2016-05-02,0.13487,1.0
2016-05-03,0.13394,1.0
2016-05-04,0.13409,1.0
2016-05-05,0.1339,1.0
2016-05-06,0.1348,-1.0
2016-05-09,0.13493,-1.0
2016-05-10,0.1348,-1.0
2016-05-11,0.13489,-1.0
2016-05-12,0.1348,-1.0
2016-05-13,0.13487,-1.0
2016-05-16,0.1354,-1.0
2016-05-17,0.13553,1.0
2016-05-18,0.13559,1.0
2016-05-19,0.13623,1.0
2016-05-20,0.13635,1.0
2016-05-23,0.13603,1.0
2016-05-24,0.13597,1.0
2016-05-25,0.13688,1.0
2016-05-26,0.13672,-1.0
2016-05-27,0.13624,-1.0
2016-05-30,0.13711,-1.0
2016-05-31,0.13679,-1.0
2016-06-01,0.13652,-1.0
2016-06-02,0.13593,-1.0
2016-06-03,0.13618,-1.0
2016-06-06,0.13402,1.0
2016-06-07,0.13409,1.0
2016-06-08,0.13395,1.0
2016-06-09,0.13349,1.0
2016-06-10,0.13468,1.0
2016-06-13,0.13544,1.0
2016-06-14,0.13453,1.0
2016-06-15,0.13526,-1.0
2016-06-16,0.13489,-1.0
2016-06-17,0.13518,-1.0
2016-06-20,0.13453,-1.0
2016-06-21,0.13431,-1.0
2016-06-22,0.13478,-1.0
2016-06-23,0.13431,-1.0
2016-06-24,0.13342,-1.0
2016-06-27,0.13591,1.0
2016-06-28,0.13646,1.0
2016-06-29,0.13582,1.0
2016-06-30,0.13545,1.0
2016-07-01,0.13551,1.0
2016-07-04,0.13488,1.0
2016-07-05,0.13467,1.0
2016-07-06,0.13532,-1.0
2016-07-07,0.13464,-1.0
2016-07-08,0.13528,-1.0
2016-07-11,0.13527,-1.0
2016-07-12,0.13507,-1.0
2016-07-13,0.13514,-1.0
2016-07-14,0.13471,1.0
2016-07-15,0.13461,1.0
2016-07-18,0.13518,1.0
2016-07-19,0.13467,1.0
2016-07-20,0.13553,1.0
2016-07-21,0.13598,1.0
2016-07-22,0.13581,-1.0
2016-07-25,0.13616,-1.0
2016-07-26,0.13612,-1.0
2016-07-27,0.13645,-1.0
2016-07-28,0.13555,-1.0
2016-07-29,0.13554,-1.0
2016-08-01,0.13477,0.0
2016-08-02,0.13479,-1.0
2016-08-03,0.13441,-1.0
2016-08-04,0.13519,-1.0
2016-08-05,0.1353,-1.0
2016-08-08,0.13555,-1.0
2016-08-09,0.13541,-1.0
2016-08-10,0.13515,1.0
2016-08-11,0.13472,1.0
2016-08-12,0.13518,1.0
2016-08-15,0.135,1.0
2016-08-16,0.13467,1.0
2016-08-17,0.13378,1.0
2016-08-18,0.1335,1.0
2016-08-19,0.1328,-1.0
2016-08-22,0.13266,-1.0
2016-08-23,0.13284,-1.0
2016-08-24,0.13322,-1.0
2016-08-25,0.13334,-1.0
2016-08-26,0.13309,-1.0
2016-08-29,0.13385,-1.0
2016-08-30,0.13371,1.0
2016-08-31,0.13432,1.0
2016-09-01,0.13415,1.0
2016-09-02,0.13381,1.0
2016-09-05,0.13415,1.0
2016-09-06,0.13431,1.0
2016-09-07,0.13321,1.0
2016-09-08,0.13349,1.0
2016-09-09,0.13316,1.0
2016-09-12,0.13359,-1.0
2016-09-13,0.13317,-1.0
2016-09-14,0.13346,-1.0
2016-09-15,0.13319,-1.0
2016-09-16,0.13321,-1.0
2016-09-19,0.13429,-1.0
2016-09-20,0.13416,1.0
2016-09-21,0.13437,1.0
2016-09-22,0.13392,1.0
2016-09-23,0.13382,1.0
2016-09-26,0.13348,1.0
2016-09-27,0.13321,1.0
2016-09-28,0.13363,-1.0
2016-09-29,0.13354,-1.0
2016-09-30,0.13362,-1.0
2016-10-03,0.13333,-1.0
2016-10-04,0.13369,-1.0
2016-10-05,0.13377,-1.0
2016-10-06,0.1337,1.0
2016-10-07,0.13449,1.0
2016-10-10,0.1338,1.0
2016-10-11,0.1338,1.0
2016-10-12,0.13471,1.0
2016-10-13,0.13517,1.0
2016-10-14,0.13445,1.0
2016-10-17,0.13543,-1.0
2016-10-18,0.13486,-1.0
2016-10-19,0.1351,-1.0
2016-10-20,0.1352,-1.0
2016-10-21,0.13561,-1.0
2016-10-24,0.1358,-1.0
2016-10-25,0.13576,1.0
2016-10-26,0.13542,1.0
2016-10-27,0.13537,1.0
2016-10-28,0.13528,1.0
2016-10-31,0.1343,1.0
2016-11-01,0.1345,1.0
2016-11-02,0.13362,1.0
2016-11-03,0.13334,-1.0
2016-11-04,0.13312,-1.0
2016-11-07,0.13276,-1.0
2016-11-08,0.13362,-1.0
2016-11-09,0.13378,-1.0
2016-11-10,0.13478,-1.0
2016-11-11,0.13509,1.0
2016-11-14,0.13524,1.0
2016-11-15,0.13594,1.0
2016-11-16,0.13591,1.0
2016-11-17,0.13579,1.0
2016-11-18,0.13693,1.0
2016-11-21,0.13708,0.0
2016-11-22,0.1364,-1.0
2016-11-23,0.1366,-1.0
2016-11-24,0.13689,-1.0
2016-11-25,0.1368,-1.0
2016-11-28,0.13651,-1.0
2016-11-29,0.13641,-1.0
2016-11-30,0.13595,-1.0
2016-12-01,0.13694,1.0
2016-12-02,0.13623,1.0
2016-12-05,0.13611,1.0
2016-12-06,0.13498,1.0
2016-12-07,0.13549,1.0
2016-12-08,0.13516,1.0
2016-12-09,0.13699,1.0
2016-12-12,0.13709,-1.0
2016-12-13,0.13602,-1.0
2016-12-14,0.1363,-1.0
2016-12-15,0.13744,-1.0
2016-12-16,0.13811,-1.0
2016-12-19,0.13748,-1.0
2016-12-20,0.13826,1.0
2016-12-21,0.13833,1.0
2016-12-22,0.13804,1.0
2016-12-23,0.13784,1.0
2016-12-26,0.13778,1.0
2016-12-27,0.13757,1.0
2016-12-28,0.13754,1.0
2016-12-29,0.13785,-1.0
2016-12-30,0.13699,-1.0
2017-01-02,0.13687,-1.0
2017-01-03,0.13756,-1.0
2017-01-04,0.13792,-1.0
2017-01-05,0.13747,-1.0
2017-01-06,0.13687,-1.0
2017-01-09,0.13722,-1.0
2017-01-10,0.13618,1.0
2017-01-11,0.13681,1.0
2017-01-12,0.13617,1.0
2017-01-13,0.13672,1.0
2017-01-16,0.13614,1.0
2017-01-17,0.13671,1.0
2017-01-18,0.1362,1.0
2017-01-19,0.13752,-1.0
2017-01-20,0.13645,-1.0
2017-01-23,0.13588,-1.0
2017-01-24,0.13547,-1.0
2017-01-25,0.13582,-1.0
2017-01-26,0.13516,-1.0
2017-01-27,0.13611,-1.0
2017-01-30,0.13586,-1.0
2017-01-31,0.13573,-1.0
2017-02-01,0.13467,1.0
2017-02-02,0.13501,1.0
2017-02-03,0.13505,1.0
2017-02-06,0.13503,1.0
2017-02-07,0.13552,1.0
2017-02-08,0.13598,1.0
2017-02-09,0.13614,-1.0
2017-02-10,0.13662,-1.0
2017-02-13,0.1366,-1.0
2017-02-14,0.13717,-1.0
2017-02-15,0.13766,-1.0
2017-02-16,0.13732,-1.0
2017-02-17,0.13669,1.0
2017-02-20,0.13722,1.0
2017-02-21,0.13698,1.0
2017-02-22,0.1379,1.0
2017-02-23,0.13771,1.0
2017-02-24,0.13757,1.0
2017-02-27,0.13797,-1.0
2017-02-28,0.13748,-1.0
2017-03-01,0.13768,-1.0
2017-03-02,0.13768,-1.0
2017-03-03,0.13806,-1.0
2017-03-06,0.13648,-1.0
2017-03-07,0.13701,1.0
2017-03-08,0.13709,1.0
2017-03-09,0.13716,1.0
2017-03-10,0.13676,1.0
2017-03-13,0.13563,1.0
2017-03-14,0.13576,1.0
2017-03-15,0.13631,1.0
2017-03-16,0.13471,-1.0
2017-03-17,0.13456,-1.0
2017-03-20,0.13493,-1.0
2017-03-21,0.13478,-1.0
2017-03-22,0.13424,-1.0
2017-03-23,0.13459,-1.0
2017-03-24,0.13462,-1.0
2017-03-27,0.13454,-1.0
2017-03-28,0.13398,-1.0
2017-03-29,0.13438,1.0
2017-03-30,0.13479,1.0
2017-03-31,0.13588,1.0
2017-04-03,0.13616,1.0
2017-04-04,0.13614,1.0
2017-04-05,0.13599,1.0
2017-04-06,0.13589,-1.0
2017-04-07,0.1362,-1.0
2017-04-10,0.13677,-1.0
2017-04-11,0.13678,-1.0
2017-04-12,0.13681,-1.0
2017-04-13,0.13602,-1.0
2017-04-14,0.13675,1.0
2017-04-17,0.13678,1.0
2017-04-18,0.13649,1.0
2017-04-19,0.13546,1.0
2017-04-20,0.13546,1.0
2017-04-21,0.13561,1.0
2017-04-24,0.13536,-1.0
2017-04-25,0.1336,-1.0
2017-04-26,0.13288,-1.0
2017-04-27,0.13296,-1.0
2017-04-28,0.13332,-1.0
2017-05-01,0.13316,-1.0
2017-05-02,0.13297,-1.0
2017-05-03,0.13261,1.0
2017-05-04,0.13309,1.0
2017-05-05,0.13201,1.0
2017-05-08,0.1317,1.0
2017-05-09,0.13256,1.0
2017-05-10,0.13296,1.0
2017-05-11,0.13328,1.0
2017-05-12,0.13329,1.0
2017-05-15,0.1326,0.0
2017-05-16,0.13212,-1.0
2017-05-17,0.13095,-1.0
2017-05-18,0.13019,-1.0
2017-05-19,0.13064,-1.0
2017-05-22,0.12959,-1.0
2017-05-23,0.1293,-1.0
2017-05-24,0.12971,-1.0
2017-05-25,0.12935,-1.0
2017-05-26,0.1298,-1.0
2017-05-29,0.13047,1.0
2017-05-30,0.13067,1.0
2017-05-31,0.13052,1.0
2017-06-01,0.1306,1.0
2017-06-02,0.13096,1.0
2017-06-05,0.13014,1.0
2017-06-06,0.13054,1.0
2017-06-07,0.13044,1.0
2017-06-08,0.13068,-1.0
2017-06-09,0.13121,-1.0
2017-06-12,0.13136,-1.0
2017-06-13,0.13126,-1.0
2017-06-14,0.13118,-1.0
2017-06-15,0.13133,-1.0
2017-06-16,0.13175,-1.0
2017-06-19,0.13122,1.0
2017-06-20,0.13149,1.0
2017-06-21,0.13145,1.0
2017-06-22,0.13109,1.0
2017-06-23,0.13115,1.0
2017-06-26,0.13068,1.0
2017-06-27,0.13072,1.0
2017-06-28,0.12939,-1.0
2017-06-29,0.12922,-1.0
2017-06-30,0.12877,-1.0
2017-07-03,0.129,-1.0
2017-07-04,0.12937,-1.0
2017-07-05,0.12957,-1.0
2017-07-06,0.12948,-1.0
2017-07-07,0.12866,-1.0
2017-07-10,0.12882,1.0
2017-07-11,0.12894,1.0
2017-07-12,0.12817,1.0
2017-07-13,0.12902,1.0
2017-07-14,0.12931,1.0
2017-07-17,0.12866,1.0
2017-07-18,0.12865,-1.0
2017-07-19,0.12828,-1.0
2017-07-20,0.12845,-1.0
2017-07-21,0.12719,-1.0
2017-07-24,0.12667,-1.0
2017-07-25,0.12721,-1.0
2017-07-26,0.12715,1.0
2017-07-27,0.12607,1.0
2017-07-28,0.12696,1.0
2017-07-31,0.12625,1.0
2017-08-01,0.12559,1.0
2017-08-02,0.12604,1.0
2017-08-03,0.1255,1.0
2017-08-04,0.12536,1.0
2017-08-07,0.12618,1.0
2017-08-08,0.12608,-1.0
2017-08-09,0.12675,-1.0
2017-08-10,0.12738,-1.0
2017-08-11,0.12782,-1.0
2017-08-14,0.12692,-1.0
2017-08-15,0.12725,-1.0
2017-08-16,0.1274,-1.0
2017-08-17,0.12692,1.0
2017-08-18,0.12772,1.0
2017-08-21,0.1274,1.0
2017-08-22,0.12697,1.0
2017-08-23,0.12759,1.0
2017-08-24,0.12711,1.0
2017-08-25,0.12714,-1.0
2017-08-28,0.1261,-1.0
2017-08-29,0.1263,-1.0
2017-08-30,0.12658,-1.0
2017-08-31,0.12745,-1.0
2017-09-01,0.12732,-1.0
2017-09-04,0.12857,-1.0
2017-09-05,0.12871,-1.0
2017-09-06,0.12833,-1.0
2017-09-07,0.12853,-1.0
2017-09-08,0.12828,1.0
2017-09-11,0.12822,1.0
2017-09-12,0.12804,1.0
2017-09-13,0.12783,1.0
2017-09-14,0.12851,1.0
2017-09-15,0.12797,1.0
2017-09-18,0.12757,1.0
2017-09-19,0.1272,-1.0
2017-09-20,0.12664,-1.0
2017-09-21,0.12783,-1.0
2017-09-22,0.12708,-1.0
2017-09-25,0.127,-1.0
2017-09-26,0.12741,-1.0
2017-09-27,0.12774,-1.0
2017-09-28,0.12821,1.0
2017-09-29,0.12738,1.0
2017-10-02,0.12709,1.0
2017-10-03,0.12797,1.0
2017-10-04,0.12791,1.0
2017-10-05,0.12774,1.0
2017-10-06,0.12829,-1.0
2017-10-09,0.12802,-1.0
2017-10-10,0.12852,-1.0
2017-10-11,0.12876,-1.0
2017-10-12,0.12793,-1.0
2017-10-13,0.12823,-1.0
2017-10-16,0.12853,-1.0
2017-10-17,0.12864,-1.0
2017-10-18,0.12827,-1.0
2017-10-19,0.12793,-1.0
2017-10-20,0.12759,1.0
2017-10-23,0.12815,1.0
2017-10-24,0.12816,1.0
2017-10-25,0.12807,1.0
2017-10-26,0.12752,1.0
2017-10-27,0.1293,1.0
2017-10-30,0.12948,-1.0
2017-10-31,0.12921,-1.0
2017-11-01,0.12935,-1.0
2017-11-02,0.1303,-1.0
2017-11-03,0.12974,-1.0
2017-11-06,0.12977,-1.0
2017-11-07,0.12977,1.0
2017-11-08,0.12992,1.0
2017-11-09,0.13014,1.0
2017-11-10,0.1293,1.0
2017-11-13,0.12906,1.0
2017-11-14,0.12906,1.0
2017-11-15,0.12768,-1.0
2017-11-16,0.12826,-1.0
2017-11-17,0.12813,-1.0
2017-11-20,0.12797,-1.0
2017-11-21,0.1285,-1.0
2017-11-22,0.12847,-1.0
2017-11-23,0.12798,1.0
2017-11-24,0.12813,1.0
2017-11-27,0.12689,1.0
2017-11-28,0.1273,1.0
2017-11-29,0.12775,1.0
2017-11-30,0.12748,1.0
2017-12-01,0.12721,-1.0
2017-12-04,0.12702,-1.0
2017-12-05,0.12726,-1.0
2017-12-06,0.12767,-1.0
2017-12-07,0.12804,-1.0
2017-12-08,0.12827,-1.0
2017-12-11,0.12827,-1.0
2017-12-12,0.12829,1.0
2017-12-13,0.12862,1.0
2017-12-14,0.12776,1.0
2017-12-15,0.1285,1.0
2017-12-18,0.12873,1.0
2017-12-19,0.12823,1.0
2017-12-20,0.12781,1.0
2017-12-21,0.12799,-1.0
2017-12-22,0.12794,-1.0
2017-12-25,0.12815,-1.0
2017-12-26,0.12874,-1.0
2017-12-27,0.1288,-1.0
2017-12-28,0.12814,-1.0
2017-12-29,0.12818,1.0
2018-01-01,0.12806,1.0
2018-01-02,0.12787,1.0
2018-01-03,0.12771,1.0
2018-01-04,0.12795,1.0
2018-01-05,0.12754,1.0
2018-01-08,0.12808,-1.0
2018-01-09,0.1285,-1.0
2018-01-10,0.12829,-1.0
2018-01-11,0.12858,-1.0
2018-01-12,0.12762,-1.0
2018-01-15,0.12679,-1.0
2018-01-16,0.12663,-1.0
2018-01-17,0.12651,-1.0
2018-01-18,0.12766,-1.0
2018-01-19,0.12722,1.0
2018-01-22,0.1278,1.0
2018-01-23,0.12731,1.0
2018-01-24,0.12692,1.0
2018-01-25,0.12677,1.0
2018-01-26,0.12781,1.0
2018-01-29,0.12729,1.0
2018-01-30,0.12734,-1.0
2018-01-31,0.1275,-1.0
2018-02-01,0.12814,-1.0
2018-02-02,0.12695,-1.0
2018-02-05,0.12737,-1.0
2018-02-06,0.12829,-1.0
2018-02-07,0.12852,-1.0
2018-02-08,0.12995,1.0
2018-02-09,0.12907,1.0
2018-02-12,0.12955,1.0
2018-02-13,0.12858,1.0
2018-02-14,0.1277,1.0
2018-02-15,0.12651,1.0
2018-02-16,0.12603,1.0
2018-02-19,0.12692,1.0
2018-02-20,0.12697,1.0
2018-02-21,0.12772,1.0
2018-02-22,0.12833,1.0
2018-02-23,0.12773,1.0
2018-02-26,0.12835,1.0
2018-02-27,0.12853,-1.0
2018-02-28,0.12939,-1.0
2018-03-01,0.12951,-1.0
2018-03-02,0.12811,-1.0
2018-03-05,0.12783,-1.0
2018-03-06,0.12764,-1.0
2018-03-07,0.12745,1.0
2018-03-08,0.12739,1.0
2018-03-09,0.12799,1.0
2018-03-12,0.12834,1.0
2018-03-13,0.12809,1.0
2018-03-14,0.12766,1.0
2018-03-15,0.12801,1.0
2018-03-16,0.12848,-1.0
2018-03-19,0.12851,-1.0
2018-03-20,0.12803,-1.0
2018-03-21,0.12889,-1.0
2018-03-22,0.1281,-1.0
2018-03-23,0.12809,-1.0
2018-03-26,0.12816,-1.0
2018-03-27,0.12807,1.0
2018-03-28,0.12833,1.0
2018-03-29,0.12897,1.0
2018-03-30,0.12923,1.0
2018-04-02,0.12929,1.0
2018-04-03,0.12944,1.0
2018-04-04,0.12953,-1.0
2018-04-05,0.12908,-1.0
2018-04-06,0.12949,-1.0
2018-04-09,0.12907,-1.0
2018-04-10,0.12867,-1.0
2018-04-11,0.1288,-1.0
2018-04-12,0.12897,-1.0
2018-04-13,0.12894,1.0
2018-04-16,0.12923,1.0
2018-04-17,0.12865,1.0
2018-04-18,0.12862,1.0
2018-04-19,0.1287,1.0
2018-04-20,0.12894,1.0
2018-04-23,0.12923,1.0
2018-04-24,0.12962,-1.0
2018-04-25,0.12963,-1.0
2018-04-26,0.1299,-1.0
2018-04-27,0.13033,-1.0
2018-04-30,0.13015,-1.0
2018-05-01,0.13067,-1.0
2018-05-02,0.13162,1.0
2018-05-03,0.13142,1.0
2018-05-04,0.13127,1.0
2018-05-07,0.13143,1.0
2018-05-08,0.1317,1.0
2018-05-09,0.13225,1.0
2018-05-10,0.13262,-1.0
2018-05-11,0.13221,-1.0
2018-05-14,0.13213,-1.0
2018-05-15,0.13222,-1.0
2018-05-16,0.1324,-1.0
2018-05-17,0.1328,-1.0
2018-05-18,0.13314,1.0
2018-05-21,0.13317,1.0
2018-05-22,0.1328,1.0
2018-05-23,0.13329,1.0
2018-05-24,0.13371,1.0
2018-05-25,0.13371,1.0
2018-05-28,0.13424,1.0
2018-05-29,0.13438,-1.0
2018-05-30,0.13497,-1.0
2018-05-31,0.1335,-1.0
2018-06-01,0.13323,-1.0
2018-06-04,0.13357,-1.0
2018-06-05,0.13341,-1.0
2018-06-06,0.13315,-1.0
2018-06-07,0.13287,-1.0
2018-06-08,0.13255,-1.0
2018-06-11,0.13264,-1.0
2018-06-12,0.13264,1.0
2018-06-13,0.13302,1.0
2018-06-14,0.13249,1.0
2018-06-15,0.13497,1.0
2018-06-18,0.13369,1.0
2018-06-19,0.13358,1.0
2018-06-20,0.1331,-1.0
2018-06-21,0.13343,-1.0
2018-06-22,0.13266,-1.0
2018-06-25,0.13185,-1.0
2018-06-26,0.1306,-1.0
2018-06-27,0.13048,-1.0
2018-06-28,0.131,-1.0
2018-06-29,0.13052,-1.0
2018-07-02,0.12927,1.0
2018-07-03,0.12891,1.0
2018-07-04,0.12907,1.0
2018-07-05,0.12932,1.0
2018-07-06,0.12889,1.0
2018-07-09,0.12821,1.0
2018-07-10,0.12865,-1.0
2018-07-11,0.12848,-1.0
2018-07-12,0.12822,-1.0
2018-07-13,0.12865,-1.0
2018-07-16,0.12786,-1.0
2018-07-17,0.12764,-1.0
2018-07-18,0.12793,-1.0
2018-07-19,0.12776,-1.0
2018-07-20,0.12677,-1.0
2018-07-23,0.12605,-1.0
2018-07-24,0.12584,-1.0
2018-07-25,0.12598,-1.0
2018-07-26,0.12594,1.0
2018-07-27,0.12642,1.0
2018-07-30,0.12589,1.0
2018-07-31,0.12535,1.0
2018-08-01,0.12568,1.0
2018-08-02,0.12574,1.0
2018-08-03,0.12618,1.0
2018-08-06,0.12651,-1.0
2018-08-07,0.12624,-1.0
2018-08-08,0.12617,-1.0
2018-08-09,0.12594,-1.0
2018-08-10,0.12711,-1.0
2018-08-13,0.12798,-1.0
2018-08-14,0.12719,1.0
2018-08-15,0.12799,1.0
2018-08-16,0.12703,1.0
2018-08-17,0.12774,1.0
2018-08-20,0.12712,1.0
2018-08-21,0.12692,1.0
2018-08-22,0.12617,-1.0
2018-08-23,0.12601,-1.0
2018-08-24,0.12594,-1.0
2018-08-27,0.12636,-1.0
2018-08-28,0.12558,-1.0
2018-08-29,0.12566,-1.0
2018-08-30,0.12516,-1.0
2018-08-31,0.12517,1.0
2018-09-03,0.12614,1.0
2018-09-04,0.12617,1.0
2018-09-05,0.12611,1.0
2018-09-06,0.12579,1.0
2018-09-07,0.12583,1.0
2018-09-10,0.12645,-1.0
2018-09-11,0.12573,-1.0
2018-09-12,0.12539,-1.0
2018-09-13,0.12544,-1.0
2018-09-14,0.12493,-1.0
2018-09-17,0.1252,-1.0
2018-09-18,0.12492,-1.0
2018-09-19,0.12476,-1.0
2018-09-20,0.1251,1.0
2018-09-21,0.12397,1.0
2018-09-24,0.12409,1.0
2018-09-25,0.12409,1.0
2018-09-26,0.12371,1.0
2018-09-27,0.12375,1.0
2018-09-28,0.12469,1.0
2018-10-01,0.12536,1.0
2018-10-02,0.12571,1.0
2018-10-03,0.126,-1.0
2018-10-04,0.12677,-1.0
2018-10-05,0.12637,-1.0
2018-10-08,0.1263,-1.0
2018-10-09,0.1255,-1.0
2018-10-10,0.12564,-1.0
2018-10-11,0.12524,1.0
2018-10-12,0.12516,1.0
2018-10-15,0.12493,1.0
2018-10-16,0.12481,1.0
2018-10-17,0.12497,1.0
2018-10-18,0.12547,1.0
2018-10-19,0.1258,-1.0
2018-10-22,0.12528,-1.0
2018-10-23,0.12553,-1.0
2018-10-24,0.12559,-1.0
2018-10-25,0.12632,-1.0
2018-10-26,0.12648,-1.0
2018-10-29,0.12627,1.0
2018-10-30,0.12627,1.0
2018-10-31,0.1265,1.0
2018-11-01,0.12662,1.0
2018-11-02,0.12664,1.0
2018-11-05,0.1274,1.0
2018-11-06,0.12649,-1.0
2018-11-07,0.12654,-1.0
2018-11-08,0.12637,-1.0
2018-11-09,0.12683,-1.0
2018-11-12,0.12675,-1.0
2018-11-13,0.12789,-1.0
2018-11-14,0.12724,0.0
2018-11-15,0.12712,1.0
2018-11-16,0.12718,1.0
2018-11-19,0.12617,1.0
2018-11-20,0.12572,1.0
2018-11-21,0.1266,1.0
2018-11-22,0.12674,1.0
2018-11-23,0.12643,1.0
2018-11-26,0.1269,-1.0
2018-11-27,0.12712,-1.0
2018-11-28,0.12735,-1.0
2018-11-29,0.12642,-1.0
2018-11-30,0.12643,-1.0
2018-12-03,0.12699,-1.0
2018-12-04,0.12792,1.0
2018-12-05,0.12897,1.0
2018-12-06,0.12847,1.0
2018-12-07,0.12768,1.0
2018-12-10,0.12776,1.0
2018-12-11,0.12737,1.0
2018-12-12,0.12798,-1.0
2018-12-13,0.12777,-1.0
2018-12-14,0.1279,-1.0
2018-12-17,0.12796,-1.0
2018-12-18,0.12772,-1.0
2018-12-19,0.12752,-1.0
2018-12-20,0.12748,-1.0
2018-12-21,0.1268,1.0
2018-12-24,0.12731,1.0
2018-12-25,0.1271,1.0
2018-12-26,0.12728,1.0
2018-12-27,0.12785,1.0
2018-12-28,0.12738,1.0
2018-12-31,0.12705,-1.0
2019-01-01,0.12678,-1.0
2019-01-02,0.12681,-1.0
2019-01-03,0.12858,-1.0
2019-01-04,0.12766,-1.0
2019-01-07,0.12775,-1.0
2019-01-08,0.12714,-1.0
2019-01-09,0.1275,1.0
2019-01-10,0.12707,1.0
2019-01-11,0.12807,1.0
2019-01-14,0.12898,1.0
2019-01-15,0.1288,1.0
2019-01-16,0.12963,1.0
2019-01-17,0.12988,-1.0
2019-01-18,0.12953,-1.0
2019-01-21,0.12982,-1.0
2019-01-22,0.12935,-1.0
2019-01-23,0.12922,-1.0
2019-01-24,0.12932,-1.0
2019-01-25,0.13028,-1.0
2019-01-28,0.12992,-1.0
2019-01-29,0.12967,1.0
2019-01-30,0.12988,1.0
2019-01-31,0.12963,1.0
2019-02-01,0.13042,1.0
2019-02-04,0.12938,1.0
2019-02-05,0.12958,1.0
2019-02-06,0.12997,1.0
2019-02-07,0.1304,-1.0
2019-02-08,0.1307,-1.0
2019-02-11,0.13087,-1.0
2019-02-12,0.1305,-1.0
2019-02-13,0.13026,-1.0
2019-02-14,0.13139,-1.0
2019-02-15,0.1307,1.0
2019-02-18,0.13075,1.0
2019-02-19,0.13061,1.0
2019-02-20,0.13045,1.0
2019-02-21,0.13108,1.0
2019-02-22,0.13126,1.0
2019-02-25,0.13143,1.0
2019-02-26,0.13164,-1.0
2019-02-27,0.13097,-1.0
2019-02-28,0.13155,-1.0
2019-03-01,0.13133,-1.0
2019-03-04,0.13118,-1.0
2019-03-05,0.13145,-1.0
2019-03-06,0.13187,-1.0
2019-03-07,0.13171,1.0
2019-03-08,0.133,1.0
2019-03-11,0.13231,1.0
2019-03-12,0.13204,1.0
2019-03-13,0.13199,1.0
2019-03-14,0.13147,1.0
2019-03-15,0.1315,1.0
2019-03-18,0.13146,-1.0
2019-03-19,0.13138,-1.0
2019-03-20,0.13118,-1.0
2019-03-21,0.13077,-1.0
2019-03-22,0.13115,-1.0
2019-03-25,0.13168,-1.0
2019-03-26,0.13167,1.0
2019-03-27,0.13204,1.0
2019-03-28,0.13209,1.0
2019-03-29,0.13211,1.0
2019-04-01,0.13279,1.0
2019-04-02,0.13297,1.0
2019-04-03,0.1327,1.0
2019-04-04,0.13255,-1.0
2019-04-05,0.13259,-1.0
2019-04-08,0.13264,-1.0
2019-04-09,0.13221,-1.0
2019-04-10,0.1322,-1.0
2019-04-11,0.13202,-1.0
2019-04-12,0.13212,-1.0
2019-04-15,0.13197,-1.0
2019-04-16,0.13188,1.0
2019-04-17,0.13196,1.0
2019-04-18,0.13231,1.0
2019-04-19,0.13267,1.0
2019-04-22,0.1326,1.0
2019-04-23,0.13227,1.0
2019-04-24,0.13246,1.0
2019-04-25,0.1333,-1.0
2019-04-26,0.13313,-1.0
2019-04-29,0.13324,-1.0
2019-04-30,0.13274,-1.0
2019-05-01,0.13232,-1.0
2019-05-02,0.13256,-1.0
2019-05-03,0.13283,-1.0
2019-05-06,0.13262,1.0
2019-05-07,0.13204,1.0
2019-05-08,0.13179,1.0
2019-05-09,0.13167,1.0
2019-05-10,0.13053,1.0
2019-05-13,0.13038,1.0
2019-05-14,0.12942,1.0
2019-05-15,0.12975,1.0
2019-05-16,0.12972,1.0
2019-05-17,0.12993,1.0
2019-05-20,0.12948,1.0
2019-05-21,0.1295,1.0
2019-05-22,0.12975,1.0
2019-05-23,0.12978,1.0
2019-05-24,0.12939,1.0
2019-05-27,0.1293,1.0
2019-05-28,0.12946,-1.0
2019-05-29,0.12961,-1.0
2019-05-30,0.12982,-1.0
2019-05-31,0.13013,-1.0
2019-06-03,0.12965,-1.0
2019-06-04,0.12875,-1.0
2019-06-05,0.12861,-1.0
2019-06-06,0.12886,-1.0
2019-06-07,0.12828,-1.0
2019-06-10,0.12771,-1.0
2019-06-11,0.1275,1.0
2019-06-12,0.12768,1.0
2019-06-13,0.12797,1.0
2019-06-14,0.12804,1.0
2019-06-17,0.12878,1.0
2019-06-18,0.12861,1.0
2019-06-19,0.12939,1.0
2019-06-20,0.12901,1.0
2019-06-21,0.12919,-1.0
2019-06-24,0.12797,-1.0
2019-06-25,0.12762,-1.0
2019-06-26,0.12785,-1.0
2019-06-27,0.12779,-1.0
2019-06-28,0.12787,-1.0
2019-07-01,0.12802,1.0
2019-07-02,0.12933,1.0
2019-07-03,0.12884,1.0
2019-07-04,0.12879,1.0
2019-07-05,0.1289,1.0
2019-07-08,0.1292,1.0
2019-07-09,0.1295,1.0
2019-07-10,0.12958,-1.0
2019-07-11,0.1292,-1.0
2019-07-12,0.12926,-1.0
2019-07-15,0.12891,-1.0
2019-07-16,0.12907,-1.0
2019-07-17,0.12968,-1.0
2019-07-18,0.12953,-1.0
2019-07-19,0.12885,1.0
2019-07-22,0.12945,1.0
2019-07-23,0.12961,1.0
2019-07-24,0.1303,1.0
2019-07-25,0.13054,1.0
2019-07-26,0.1305,1.0
2019-07-29,0.13059,-1.0
2019-07-30,0.1301,-1.0
2019-07-31,0.13014,-1.0
2019-08-01,0.13111,-1.0
2019-08-02,0.13074,-1.0
2019-08-05,0.12968,-1.0
2019-08-06,0.1264,1.0
2019-08-07,0.12697,1.0
2019-08-08,0.12704,1.0
2019-08-09,0.12685,1.0
2019-08-12,0.12639,1.0
2019-08-13,0.12628,1.0
2019-08-14,0.12706,-1.0
2019-08-15,0.12773,-1.0
2019-08-16,0.12793,-1.0
2019-08-19,0.128,-1.0
2019-08-20,0.12793,-1.0
2019-08-21,0.12756,-1.0
2019-08-22,0.12763,-1.0
2019-08-23,0.12735,-1.0
2019-08-26,0.12657,-1.0
2019-08-27,0.12593,1.0
2019-08-28,0.12581,1.0
2019-08-29,0.1259,1.0
2019-08-30,0.12652,1.0
2019-09-02,0.12708,1.0
2019-09-03,0.12704,1.0
2019-09-04,0.12696,-1.0
2019-09-05,0.12685,-1.0
2019-09-06,0.12671,-1.0
2019-09-09,0.12746,-1.0
2019-09-10,0.12704,-1.0
2019-09-11,0.1272,-1.0
2019-09-12,0.12759,1.0
2019-09-13,0.12762,1.0
2019-09-16,0.12757,1.0
2019-09-17,0.12858,1.0
2019-09-18,0.12731,1.0
2019-09-19,0.12789,1.0
2019-09-20,0.12755,1.0
2019-09-23,0.12791,1.0
2019-09-24,0.12774,1.0
2019-09-25,0.12746,-1.0
2019-09-26,0.12801,-1.0
2019-09-27,0.12837,-1.0
2019-09-30,0.1283,-1.0
2019-10-01,0.12818,-1.0
2019-10-02,0.12791,-1.0
2019-10-03,0.12777,-1.0
2019-10-04,0.12736,-1.0
2019-10-07,0.12734,1.0
2019-10-08,0.12745,1.0
2019-10-09,0.12771,1.0
2019-10-10,0.12771,1.0
2019-10-11,0.12762,1.0
2019-10-14,0.1278,1.0
2019-10-15,0.12833,-1.0
2019-10-16,0.12798,-1.0
2019-10-17,0.12727,-1.0
2019-10-18,0.12696,-1.0
2019-10-21,0.12622,-1.0
2019-10-22,0.1267,-1.0
2019-10-23,0.12696,-1.0
2019-10-24,0.12709,1.0
2019-10-25,0.12733,1.0
2019-10-28,0.12769,1.0
2019-10-29,0.12744,1.0
2019-10-30,0.12731,1.0
2019-10-31,0.12703,1.0
2019-11-01,0.12734,-1.0
2019-11-04,0.12721,-1.0
2019-11-05,0.12783,-1.0
2019-11-06,0.12878,-1.0
2019-11-07,0.12905,-1.0
2019-11-08,0.12966,-1.0
2019-11-11,0.12967,-1.0
2019-11-12,0.12925,1.0
2019-11-13,0.12953,1.0
2019-11-14,0.1293,1.0
2019-11-15,0.12918,1.0
2019-11-18,0.12907,1.0
2019-11-19,0.12851,1.0
2019-11-20,0.12838,1.0
2019-11-21,0.12829,-1.0
2019-11-22,0.12856,-1.0
2019-11-25,0.12884,-1.0
2019-11-26,0.129,-1.0
2019-11-27,0.12892,-1.0
2019-11-28,0.12924,-1.0
2019-11-29,0.12903,1.0
2019-12-02,0.12903,1.0
2019-12-03,0.12819,1.0
2019-12-04,0.12774,1.0
2019-12-05,0.12799,1.0
2019-12-06,0.12778,1.0
2019-12-09,0.12851,-1.0
2019-12-10,0.12833,-1.0
2019-12-11,0.12813,-1.0
2019-12-12,0.12755,-1.0
2019-12-13,0.12794,-1.0
2019-12-16,0.12866,-1.0
2019-12-17,0.1283,-1.0
2019-12-18,0.12809,1.0
2019-12-19,0.12839,1.0
2019-12-20,0.1282,1.0
2019-12-23,0.12877,1.0
2019-12-24,0.12853,1.0
2019-12-25,0.12865,1.0
2019-12-26,0.12894,1.0
2019-12-27,0.12882,-1.0
2019-12-30,0.12784,-1.0
2019-12-31,0.12775,-1.0
2020-01-01,0.12804,-1.0
2020-01-02,0.12799,-1.0
2020-01-03,0.12848,-1.0
2020-01-06,0.1286,1.0
2020-01-07,0.128,1.0
2020-01-08,0.1291,1.0
2020-01-09,0.12953,1.0
2020-01-10,0.12984,1.0
2020-01-13,0.12991,1.0
2020-01-14,0.1302,1.0
2020-01-15,0.1305,-1.0
2020-01-16,0.13008,-1.0
2020-01-17,0.13048,-1.0
2020-01-20,0.1314,-1.0
2020-01-21,0.13117,-1.0
2020-01-22,0.13062,-1.0
2020-01-23,0.1305,-1.0
2020-01-24,0.13024,1.0
2020-01-27,0.1307,1.0
2020-01-28,0.13078,1.0
2020-01-29,0.13074,1.0
2020-01-30,0.13074,1.0
2020-01-31,0.13059,1.0
2020-02-03,0.12992,1.0
2020-02-04,0.12872,-1.0
2020-02-05,0.12934,-1.0
2020-02-06,0.13031,-1.0
2020-02-07,0.13061,-1.0
2020-02-10,0.13045,-1.0
2020-02-11,0.13116,-1.0
2020-02-12,0.13142,1.0
2020-02-13,0.13185,1.0
2020-02-14,0.13217,1.0
2020-02-17,0.13211,1.0
2020-02-18,0.13211,1.0
2020-02-19,0.13234,1.0
2020-02-20,0.13215,-1.0
2020-02-21,0.13196,-1.0
2020-02-24,0.13116,-1.0
2020-02-25,0.13102,-1.0
2020-02-26,0.13098,-1.0
2020-02-27,0.13079,-1.0
2020-02-28,0.12969,1.0
2020-03-02,0.12963,1.0
2020-03-03,0.12894,1.0
2020-03-04,0.12853,1.0
2020-03-05,0.12963,1.0
2020-03-06,0.12829,1.0
2020-03-09,0.12774,-1.0
2020-03-10,0.12575,-1.0
2020-03-11,0.12709,-1.0
2020-03-12,0.12756,-1.0
2020-03-13,0.12719,-1.0
2020-03-16,0.12875,-1.0
2020-03-17,0.12798,1.0
2020-03-18,0.12949,1.0
2020-03-19,0.12974,1.0
2020-03-20,0.13188,1.0
2020-03-23,0.1321,1.0
2020-03-24,0.13114,1.0
2020-03-25,0.13094,1.0
2020-03-26,0.12906,1.0
2020-03-27,0.128,-1.0
2020-03-30,0.12646,-1.0
2020-03-31,0.12752,-1.0
2020-04-01,0.12802,-1.0
2020-04-02,0.12862,-1.0
2020-04-03,0.12997,-1.0
2020-04-06,0.13037,1.0
2020-04-07,0.13066,1.0
2020-04-08,0.13027,1.0
2020-04-09,0.13036,1.0
2020-04-10,0.12988,1.0
2020-04-13,0.13001,1.0
2020-04-14,0.12985,1.0
2020-04-15,0.12908,1.0
2020-04-16,0.12966,1.0
2020-04-17,0.13009,-1.0
2020-04-20,0.12999,-1.0
2020-04-21,0.13003,-1.0
2020-04-22,0.1298,-1.0
2020-04-23,0.13039,-1.0
2020-04-24,0.13123,-1.0
2020-04-27,0.1304,0.0
2020-04-28,0.13036,1.0
2020-04-29,0.13044,1.0
2020-04-30,0.1299,1.0
2020-05-01,0.12938,1.0
2020-05-04,0.12893,1.0
2020-05-05,0.12981,1.0
2020-05-06,0.13051,-1.0
2020-05-07,0.13035,-1.0
2020-05-08,0.13021,-1.0
2020-05-11,0.13038,-1.0
2020-05-12,0.13027,-1.0
2020-05-13,0.13012,-1.0
2020-05-14,0.1303,-1.0
2020-05-15,0.13036,-1.0
2020-05-18,0.1301,-1.0
2020-05-19,0.12879,-1.0
2020-05-20,0.1289,-1.0
2020-05-21,0.12845,1.0
2020-05-22,0.1283,1.0
2020-05-25,0.12867,1.0
2020-05-26,0.12857,1.0
2020-05-27,0.12758,1.0
2020-05-28,0.12665,1.0
2020-05-29,0.12629,-1.0
2020-06-01,0.12613,-1.0
2020-06-02,0.12594,-1.0
2020-06-03,0.126,-1.0
2020-06-04,0.12501,-1.0
2020-06-05,0.12422,-1.0
2020-06-08,0.12505,1.0
2020-06-09,0.1252,1.0
2020-06-10,0.12456,1.0
2020-06-11,0.12444,1.0
2020-06-12,0.12529,1.0
2020-06-15,0.12542,1.0
2020-06-16,0.1245,1.0
2020-06-17,0.12529,1.0
2020-06-18,0.12546,-1.0
2020-06-19,0.12582,-1.0
2020-06-22,0.12648,-1.0
2020-06-23,0.12553,-1.0
2020-06-24,0.12522,-1.0
2020-06-25,0.12552,-1.0
2020-06-26,0.12586,1.0
2020-06-29,0.1259,1.0
2020-06-30,0.12554,1.0
2020-07-01,0.12593,1.0
2020-07-02,0.12564,1.0
2020-07-03,0.12587,1.0
2020-07-06,0.12576,1.0
2020-07-07,0.12602,1.0
2020-07-08,0.1264,-1.0
2020-07-09,0.12593,-1.0
2020-07-10,0.12662,-1.0
2020-07-13,0.12643,-1.0
2020-07-14,0.12593,-1.0
2020-07-15,0.12501,-1.0
2020-07-16,0.12532,-1.0
2020-07-17,0.12564,1.0
2020-07-20,0.12496,1.0
2020-07-21,0.12504,1.0
2020-07-22,0.12417,1.0
2020-07-23,0.12342,1.0
2020-07-24,0.12308,1.0
2020-07-27,0.12225,-1.0
2020-07-28,0.12147,-1.0
2020-07-29,0.12181,-1.0
2020-07-30,0.12109,-1.0
2020-07-31,0.12041,-1.0
2020-08-03,0.12174,-1.0
2020-08-04,0.12176,-1.0
2020-08-05,0.12154,-1.0
2020-08-06,0.12147,-1.0
2020-08-07,0.12099,1.0
2020-08-10,0.12177,1.0
2020-08-11,0.12231,1.0
2020-08-12,0.12254,1.0
2020-08-13,0.12229,1.0
2020-08-14,0.12182,1.0
2020-08-17,0.12145,1.0
2020-08-18,0.12145,-1.0
2020-08-19,0.12096,-1.0
2020-08-20,0.12195,-1.0
2020-08-21,0.12184,-1.0
2020-08-24,0.12262,-1.0
2020-08-25,0.12252,-1.0
2020-08-26,0.12216,1.0
2020-08-27,0.12263,1.0
2020-08-28,0.12268,1.0
2020-08-31,0.12232,1.0
2020-09-01,0.12225,1.0
2020-09-02,0.12284,1.0
2020-09-03,0.12331,0.0
2020-09-04,0.12324,1.0
2020-09-07,0.1234,1.0
2020-09-08,0.12385,1.0
2020-09-09,0.12398,1.0
2020-09-10,0.12393,1.0
2020-09-11,0.12373,1.0
2020-09-14,0.12348,1.0
2020-09-15,0.12369,1.0
2020-09-16,0.12438,1.0
2020-09-17,0.12528,-1.0
2020-09-18,0.12473,-1.0
2020-09-21,0.12473,-1.0
2020-09-22,0.12476,-1.0
2020-09-23,0.12594,-1.0
2020-09-24,0.1259,-1.0
2020-09-25,0.1254,-1.0
2020-09-28,0.12593,-1.0
2020-09-29,0.1258,-1.0
2020-09-30,0.12489,-1.0
2020-10-01,0.12557,-1.0
2020-10-02,0.12532,-1.0
2020-10-05,0.12564,-1.0
2020-10-06,0.12495,1.0
2020-10-07,0.12545,1.0
2020-10-08,0.12512,1.0
2020-10-09,0.12517,1.0
2020-10-12,0.12624,1.0
2020-10-13,0.12543,1.0
2020-10-14,0.12614,-1.0
2020-10-15,0.12673,-1.0
2020-10-16,0.12689,-1.0
2020-10-19,0.1274,-1.0
2020-10-20,0.12713,-1.0
2020-10-21,0.12661,-1.0
2020-10-22,0.1267,-1.0
2020-10-23,0.12651,-1.0
2020-10-26,0.12606,1.0
2020-10-27,0.1261,1.0
2020-10-28,0.12647,1.0
2020-10-29,0.12647,1.0
2020-10-30,0.12751,1.0
2020-11-02,0.12825,1.0
2020-11-03,0.12842,-1.0
2020-11-04,0.12779,-1.0
2020-11-05,0.12824,-1.0
2020-11-06,0.12797,-1.0
2020-11-09,0.12729,-1.0
2020-11-10,0.12752,-1.0
2020-11-11,0.12798,1.0
2020-11-12,0.12813,1.0
2020-11-13,0.12805,1.0
2020-11-16,0.12791,1.0
2020-11-17,0.12817,1.0
2020-11-18,0.1285,1.0
2020-11-19,0.12842,-1.0
2020-11-20,0.12785,-1.0
2020-11-23,0.1285,-1.0
2020-11-24,0.12819,-1.0
2020-11-25,0.12753,-1.0
2020-11-26,0.12761,-1.0
2020-11-27,0.12763,-1.0
2020-11-30,0.12711,1.0
2020-12-01,0.12731,1.0
2020-12-02,0.12613,1.0
2020-12-03,0.12595,1.0
2020-12-04,0.12583,1.0
2020-12-07,0.12629,1.0
2020-12-08,0.1262,1.0
2020-12-09,0.12644,-1.0
2020-12-10,0.12589,-1.0
2020-12-11,0.12581,-1.0
2020-12-14,0.12607,-1.0
2020-12-15,0.12566,-1.0
2020-12-16,0.12572,-1.0
2020-12-17,0.12571,-1.0
2020-12-18,0.12474,1.0
2020-12-21,0.12478,1.0
2020-12-22,0.12479,1.0
2020-12-23,0.12557,1.0
2020-12-24,0.12537,1.0
2020-12-25,0.12562,1.0
2020-12-28,0.12537,0.0
2020-12-29,0.12525,-1.0
2020-12-30,0.12496,-1.0
2020-12-31,0.12466,-1.0
2021-01-01,0.12538,-1.0
2021-01-04,0.12536,-1.0
2021-01-05,0.12636,-1.0
2021-01-06,0.12592,-1.0
2021-01-07,0.12547,-1.0
2021-01-08,0.12574,1.0
2021-01-11,0.12622,1.0
2021-01-12,0.12694,1.0
2021-01-13,0.12674,1.0
2021-01-14,0.12714,1.0
2021-01-15,0.12704,1.0
2021-01-18,0.12774,1.0
2021-01-19,0.12752,-1.0
2021-01-20,0.12724,-1.0
2021-01-21,0.1277,-1.0
2021-01-22,0.12717,-1.0
2021-01-25,0.12674,-1.0
2021-01-26,0.12706,-1.0
2021-01-27,0.12735,1.0
2021-01-28,0.12731,1.0
2021-01-29,0.12785,1.0
2021-02-01,0.12825,1.0
2021-02-02,0.12814,1.0
2021-02-03,0.12858,1.0
2021-02-04,0.12859,-1.0
2021-02-05,0.12911,-1.0
2021-02-08,0.12829,-1.0
2021-02-09,0.12865,-1.0
2021-02-10,0.12819,-1.0
2021-02-11,0.12768,-1.0
2021-02-12,0.12765,1.0
2021-02-15,0.12772,1.0
2021-02-16,0.12764,1.0
2021-02-17,0.12785,1.0
2021-02-18,0.12861,1.0
2021-02-19,0.12741,1.0
2021-02-22,0.12775,-1.0
2021-02-23,0.12714,-1.0
2021-02-24,0.12734,-1.0
2021-02-25,0.12749,-1.0
2021-02-26,0.12718,-1.0
2021-03-01,0.12796,-1.0
2021-03-02,0.12842,-1.0
2021-03-03,0.1278,1.0
2021-03-04,0.12812,1.0
2021-03-05,0.12909,1.0
2021-03-08,0.12912,1.0
2021-03-09,0.12932,1.0
2021-03-10,0.12916,1.0
2021-03-11,0.12886,-1.0
2021-03-12,0.12844,-1.0
2021-03-15,0.1285,-1.0
2021-03-16,0.12888,-1.0
2021-03-17,0.12908,-1.0
2021-03-18,0.12829,-1.0
2021-03-19,0.12895,-1.0
2021-03-22,0.12904,-1.0
2021-03-23,0.12871,1.0
2021-03-24,0.12944,1.0
2021-03-25,0.12969,1.0
2021-03-26,0.1299,1.0
2021-03-29,0.12953,1.0
2021-03-30,0.1293,1.0
2021-03-31,0.12981,1.0
2021-04-01,0.13006,-1.0
2021-04-02,0.12936,-1.0
2021-04-05,0.12944,-1.0
2021-04-06,0.1289,-1.0
2021-04-07,0.1288,-1.0
2021-04-08,0.12873,-1.0
2021-04-09,0.12805,-1.0
2021-04-12,0.12815,1.0
2021-04-13,0.1282,1.0
2021-04-14,0.12782,1.0
2021-04-15,0.12778,1.0
2021-04-16,0.12805,1.0
2021-04-19,0.12791,1.0
2021-04-20,0.12756,1.0
2021-04-21,0.12778,1.0
2021-04-22,0.12795,-1.0
2021-04-23,0.12814,-1.0
2021-04-26,0.12722,-1.0
2021-04-27,0.12746,-1.0
2021-04-28,0.1275,-1.0
2021-04-29,0.12724,-1.0
2021-04-30,0.12739,1.0
2021-05-03,0.12845,1.0
2021-05-04,0.12799,1.0
2021-05-05,0.12855,1.0
2021-05-06,0.12861,1.0
2021-05-07,0.12819,1.0
2021-05-10,0.12778,1.0
2021-05-11,0.12843,-1.0
2021-05-12,0.12793,-1.0
2021-05-13,0.12824,-1.0
2021-05-14,0.12824,-1.0
2021-05-17,0.12785,-1.0
2021-05-18,0.12774,-1.0
2021-05-19,0.12727,1.0
2021-05-20,0.12757,1.0
2021-05-21,0.12702,1.0
2021-05-24,0.12754,1.0
2021-05-25,0.12745,1.0
2021-05-26,0.12728,1.0
2021-05-27,0.12825,1.0
2021-05-28,0.12841,1.0
2021-05-31,0.12876,-1.0
2021-06-01,0.12835,-1.0
2021-06-02,0.12823,-1.0
2021-06-03,0.12829,-1.0
2021-06-04,0.12872,-1.0
2021-06-07,0.12847,-1.0
2021-06-08,0.12815,1.0
2021-06-09,0.1283,1.0
2021-06-10,0.1285,1.0
2021-06-11,0.12844,1.0
2021-06-14,0.12905,1.0
2021-06-15,0.12889,1.0
2021-06-16,0.12866,-1.0
2021-06-17,0.13028,-1.0
2021-06-18,0.13019,-1.0
2021-06-21,0.13059,-1.0
2021-06-22,0.12969,-1.0
2021-06-23,0.12916,-1.0
2021-06-24,0.12944,0.0
2021-06-25,0.12946,1.0
2021-06-28,0.12974,1.0
2021-06-29,0.12983,1.0
2021-06-30,0.12996,1.0
2021-07-01,0.13057,1.0
2021-07-02,0.1304,1.0
2021-07-05,0.13015,1.0
2021-07-06,0.13036,1.0
2021-07-07,0.1305,1.0
2021-07-08,0.13095,1.0
2021-07-09,0.13,0.0
2021-07-12,0.1299,1.0
2021-07-13,0.13014,1.0
2021-07-14,0.13117,1.0
2021-07-15,0.13055,1.0
2021-07-16,0.13098,1.0
2021-07-19,0.13068,1.0
2021-07-20,0.13052,1.0
2021-07-21,0.13083,1.0
2021-07-22,0.13101,-1.0
2021-07-23,0.13123,-1.0
2021-07-26,0.13102,-1.0
2021-07-27,0.13062,-1.0
2021-07-28,0.12991,-1.0
2021-07-29,0.13004,-1.0
2021-07-30,0.13023,-1.0
2021-08-02,0.13032,-1.0
2021-08-03,0.13031,1.0
2021-08-04,0.13023,1.0
2021-08-05,0.1306,1.0
2021-08-06,0.13074,1.0
2021-08-09,0.13108,1.0
2021-08-10,0.13128,1.0
2021-08-11,0.1315,1.0
2021-08-12,0.13141,-1.0
2021-08-13,0.13151,-1.0
2021-08-16,0.13083,-1.0
2021-08-17,0.13109,-1.0
2021-08-18,0.13161,-1.0
2021-08-19,0.13162,-1.0
2021-08-20,0.1318,-1.0
2021-08-23,0.13137,1.0
2021-08-24,0.1312,1.0
2021-08-25,0.13138,1.0
2021-08-26,0.13113,1.0
2021-08-27,0.13118,1.0
2021-08-30,0.13092,1.0
2021-08-31,0.13101,-1.0
2021-09-01,0.13101,-1.0
2021-09-02,0.13071,-1.0
2021-09-03,0.13035,-1.0
2021-09-06,0.13041,-1.0
2021-09-07,0.13039,-1.0
2021-09-08,0.1305,-1.0
2021-09-09,0.1309,1.0
2021-09-10,0.13094,1.0
2021-09-13,0.13134,1.0
2021-09-14,0.13119,1.0
2021-09-15,0.13149,1.0
2021-09-16,0.13152,1.0
2021-09-17,0.13153,-1.0
2021-09-20,0.13184,-1.0
2021-09-21,0.1318,-1.0
2021-09-22,0.13183,-1.0
2021-09-23,0.13229,-1.0
2021-09-24,0.13182,-1.0
2021-09-27,0.13194,1.0
2021-09-28,0.13234,1.0
2021-09-29,0.13242,1.0
2021-09-30,0.13319,1.0
2021-10-01,0.13388,1.0
2021-10-04,0.13374,1.0
2021-10-05,0.13345,-1.0
2021-10-06,0.13371,-1.0
2021-10-07,0.13418,-1.0
2021-10-08,0.13419,-1.0
2021-10-11,0.13409,-1.0
2021-10-12,0.13411,-1.0
2021-10-13,0.13442,-1.0
2021-10-14,0.1341,1.0
2021-10-15,0.13384,1.0
2021-10-18,0.13395,1.0
2021-10-19,0.1339,1.0
2021-10-20,0.13463,1.0
2021-10-21,0.1342,1.0
2021-10-22,0.13449,0.0
2021-10-25,0.13462,1.0
2021-10-26,0.13481,1.0
2021-10-27,0.13506,1.0
2021-10-28,0.13477,1.0
2021-10-29,0.13388,1.0
2021-11-01,0.13515,1.0
2021-11-02,0.13465,-1.0
2021-11-03,0.13487,-1.0
2021-11-04,0.13436,-1.0
2021-11-05,0.13524,-1.0
2021-11-08,0.13505,-1.0
2021-11-09,0.13501,-1.0
2021-11-10,0.13489,1.0
2021-11-11,0.13632,1.0
2021-11-12,0.1365,1.0
2021-11-15,0.13694,1.0
2021-11-16,0.13774,1.0
2021-11-17,0.13823,1.0
2021-11-18,0.13846,-1.0
2021-11-19,0.13764,-1.0
2021-11-22,0.13863,-1.0
2021-11-23,0.13936,-1.0
2021-11-24,0.139,-1.0
2021-11-25,0.13971,-1.0
2021-11-26,0.13967,-1.0
2021-11-29,0.13824,1.0
2021-11-30,0.13875,1.0
2021-12-01,0.13851,1.0
2021-12-02,0.13873,1.0
2021-12-03,0.13875,1.0
2021-12-06,0.13865,1.0
2021-12-07,0.13895,-1.0
2021-12-08,0.13931,-1.0
2021-12-09,0.13892,-1.0
2021-12-10,0.13882,-1.0
2021-12-13,0.13864,-1.0
2021-12-14,0.13918,-1.0
2021-12-15,0.13944,-1.0
2021-12-16,0.13899,-1.0
2021-12-17,0.13862,1.0
2021-12-20,0.1393,1.0
2021-12-21,0.13903,1.0
2021-12-22,0.13905,1.0
2021-12-23,0.13849,1.0
2021-12-24,0.13846,1.0
2021-12-27,0.13881,1.0
2021-12-28,0.13855,1.0
2021-12-29,0.13876,1.0
2021-12-30,0.13833,1.0
2021-12-31,0.13849,1.0
2022-01-03,0.13822,1.0
2022-01-04,0.13928,1.0
2022-01-05,0.13901,-1.0
2022-01-06,0.13884,-1.0
2022-01-07,0.13862,-1.0
2022-01-10,0.13796,-1.0
2022-01-11,0.13842,-1.0
2022-01-12,0.13795,-1.0
2022-01-13,0.13738,-1.0
2022-01-14,0.13716,1.0
2022-01-17,0.13783,1.0
2022-01-18,0.13804,1.0
2022-01-19,0.13894,1.0
2022-01-20,0.13886,1.0
2022-01-21,0.13939,1.0
2022-01-24,0.13899,1.0
2022-01-25,0.13943,1.0
2022-01-26,0.13987,1.0
2022-01-27,0.14073,-1.0
2022-01-28,0.14093,-1.0
2022-01-31,0.14097,-1.0
2022-02-01,0.1399,-1.0
2022-02-02,0.13942,-1.0
2022-02-03,0.13901,-1.0
2022-02-04,0.13741,-1.0
2022-02-07,0.13721,-1.0
2022-02-08,0.13744,1.0
2022-02-09,0.1377,1.0
2022-02-10,0.13751,1.0
2022-02-11,0.13785,1.0
2022-02-14,0.13869,1.0
2022-02-15,0.13909,1.0
2022-02-16,0.13883,-1.0
2022-02-17,0.13876,-1.0
2022-02-18,0.1388,-1.0
2022-02-21,0.13954,-1.0
2022-02-22,0.13953,-1.0
2022-02-23,0.1395,-1.0
2022-02-24,0.14006,1.0
2022-02-25,0.14109,1.0
2022-02-28,0.14038,1.0
2022-03-01,0.14123,1.0
2022-03-02,0.14241,1.0
2022-03-03,0.14212,1.0
2022-03-04,0.14295,-1.0
2022-03-07,0.14478,-1.0
2022-03-08,0.1455,-1.0
2022-03-09,0.14512,-1.0
2022-03-10,0.14294,-1.0
2022-03-11,0.14394,-1.0
2022-03-14,0.1445,-1.0
2022-03-15,0.14359,-1.0
2022-03-16,0.14328,-1.0
2022-03-17,0.14265,-1.0
2022-03-18,0.14199,1.0
2022-03-21,0.14219,1.0
2022-03-22,0.14256,1.0
2022-03-23,0.14236,1.0
2022-03-24,0.1425,1.0
2022-03-25,0.14275,1.0
2022-03-28,0.14297,-1.0
2022-03-29,0.14279,-1.0
2022-03-30,0.14173,-1.0
2022-03-31,0.14113,-1.0
2022-04-01,0.14242,-1.0
2022-04-04,0.14218,-1.0
2022-04-05,0.14317,1.0
2022-04-06,0.14406,1.0
2022-04-07,0.14422,1.0
2022-04-08,0.14447,1.0
2022-04-11,0.14449,1.0
2022-04-12,0.14421,1.0
2022-04-13,0.14502,-1.0
2022-04-14,0.14412,-1.0
2022-04-15,0.14473,-1.0
2022-04-18,0.14518,-1.0
2022-04-19,0.14548,-1.0
2022-04-20,0.14491,-1.0
2022-04-21,0.14352,-1.0
2022-04-22,0.14299,-1.0
2022-04-25,0.14243,1.0
2022-04-26,0.14226,1.0
2022-04-27,0.1433,1.0
2022-04-28,0.14435,1.0
2022-04-29,0.14368,1.0
2022-05-02,0.14348,1.0
2022-05-03,0.14399,-1.0
2022-05-04,0.14373,-1.0
2022-05-05,0.14238,-1.0
2022-05-06,0.14246,-1.0
2022-05-09,0.14209,-1.0
2022-05-10,0.14067,-1.0
2022-05-11,0.14096,1.0
2022-05-12,0.14143,1.0
2022-05-13,0.14189,1.0
2022-05-16,0.14141,1.0
2022-05-17,0.14115,1.0
2022-05-18,0.14061,1.0
2022-05-19,0.14144,-1.0
2022-05-20,0.14071,-1.0
2022-05-23,0.14142,-1.0
2022-05-24,0.14058,-1.0
2022-05-25,0.13996,-1.0
2022-05-26,0.13985,-1.0
2022-05-27,0.13824,-1.0
2022-05-30,0.13903,1.0
2022-05-31,0.13924,1.0
2022-06-01,0.13959,1.0
2022-06-02,0.14034,1.0
2022-06-03,0.13964,1.0
2022-06-06,0.14001,1.0
2022-06-07,0.14047,1.0
2022-06-08,0.13996,-1.0
2022-06-09,0.13956,-1.0
2022-06-10,0.14067,-1.0
2022-06-13,0.14168,-1.0
2022-06-14,0.14219,-1.0
2022-06-15,0.14236,-1.0
2022-06-16,0.14256,-1.0
2022-06-17,0.14131,-1.0
2022-06-20,0.14175,1.0
2022-06-21,0.14208,1.0
2022-06-22,0.14183,1.0
2022-06-23,0.14118,1.0
2022-06-24,0.14183,1.0
2022-06-27,0.14166,1.0
2022-06-28,0.14114,1.0
2022-06-29,0.1417,-1.0
2022-06-30,0.1429,-1.0
2022-07-01,0.14237,-1.0
2022-07-04,0.14305,-1.0
2022-07-05,0.14314,-1.0
2022-07-06,0.14491,-1.0
2022-07-07,0.14634,-1.0
2022-07-08,0.14677,-1.0
2022-07-11,0.1466,1.0
2022-07-12,0.14822,1.0
2022-07-13,0.14812,1.0
2022-07-14,0.14791,1.0
2022-07-15,0.14769,1.0
2022-07-18,0.14668,1.0
2022-07-19,0.14611,-1.0
2022-07-20,0.1449,-1.0
2022-07-21,0.14546,-1.0
2022-07-22,0.14443,-1.0
2022-07-25,0.14501,-1.0
2022-07-26,0.14487,-1.0
2022-07-27,0.14607,-1.0
2022-07-28,0.14502,1.0
2022-07-29,0.14534,1.0
2022-08-01,0.14495,1.0
2022-08-02,0.14394,1.0
2022-08-03,0.14565,1.0
2022-08-04,0.14546,1.0
2022-08-05,0.14453,-1.0
2022-08-08,0.14518,-1.0
2022-08-09,0.14526,-1.0
2022-08-10,0.14492,-1.0
2022-08-11,0.14435,-1.0
2022-08-12,0.14356,-1.0
2022-08-15,0.14449,1.0
2022-08-16,0.14525,1.0
2022-08-17,0.14482,1.0
2022-08-18,0.14486,1.0
2022-08-19,0.14601,1.0
2022-08-22,0.14612,1.0
2022-08-23,0.14678,-1.0
2022-08-24,0.14669,-1.0
2022-08-25,0.14618,-1.0
2022-08-26,0.14631,-1.0
2022-08-29,0.1459,-1.0
2022-08-30,0.14474,-1.0
2022-08-31,0.14442,0.0
2022-09-01,0.14434,-1.0
2022-09-02,0.14552,-1.0
2022-09-05,0.14554,-1.0
2022-09-06,0.14517,-1.0
2022-09-07,0.14512,-1.0
2022-09-08,0.14337,-1.0
2022-09-09,0.14369,1.0
2022-09-12,0.14378,1.0
2022-09-13,0.14261,1.0
2022-09-14,0.14488,1.0
2022-09-15,0.14388,1.0
2022-09-16,0.14297,1.0
2022-09-19,0.14297,1.0
2022-09-20,0.14232,1.0
2022-09-21,0.14286,1.0
2022-09-22,0.14411,-1.0
2022-09-23,0.14359,-1.0
2022-09-26,0.14472,-1.0
2022-09-27,0.14583,-1.0
2022-09-28,0.14516,-1.0
2022-09-29,0.14261,-1.0
2022-09-30,0.14291,1.0
2022-10-03,0.14342,1.0
2022-10-04,0.14296,1.0
2022-10-05,0.14067,1.0
2022-10-06,0.14208,1.0
2022-10-07,0.14342,1.0
2022-10-10,0.14432,-1.0
2022-10-11,0.14397,-1.0
2022-10-12,0.14367,-1.0
2022-10-13,0.14357,-1.0
2022-10-14,0.14257,-1.0
2022-10-17,0.14297,-1.0
2022-10-18,0.14116,-1.0
2022-10-19,0.14078,-1.0
2022-10-20,0.14148,-1.0
2022-10-21,0.14164,-1.0
2022-10-24,0.14,-1.0
2022-10-25,0.13937,1.0
2022-10-26,0.13796,1.0
2022-10-27,0.13824,1.0
2022-10-28,0.13877,1.0
2022-10-31,0.13857,1.0
2022-11-01,0.13853,1.0
2022-11-02,0.13917,-1.0
2022-11-03,0.13969,-1.0
2022-11-04,0.14045,-1.0
2022-11-07,0.1397,-1.0
2022-11-08,0.13803,-1.0
2022-11-09,0.13688,-1.0
2022-11-10,0.13786,1.0
2022-11-11,0.1363,1.0
2022-11-14,0.13579,1.0
2022-11-15,0.13685,1.0
2022-11-16,0.13705,1.0
2022-11-17,0.1357,1.0
2022-11-18,0.13473,1.0
2022-11-21,0.13605,1.0
2022-11-22,0.13625,1.0
2022-11-23,0.1359,-1.0
2022-11-24,0.1343,-1.0
2022-11-25,0.13436,-1.0
2022-11-28,0.13399,-1.0
2022-11-29,0.13411,-1.0
2022-11-30,0.13521,-1.0
2022-12-01,0.13545,-1.0
2022-12-02,0.13498,1.0
2022-12-05,0.13516,1.0
2022-12-06,0.13685,1.0
2022-12-07,0.13657,1.0
2022-12-08,0.13652,1.0
2022-12-09,0.13596,1.0
2022-12-12,0.13642,-1.0
2022-12-13,0.13598,-1.0
2022-12-14,0.13547,-1.0
2022-12-15,0.13538,-1.0
2022-12-16,0.13492,-1.0
2022-12-19,0.13514,-1.0
2022-12-20,0.13505,1.0
2022-12-21,0.13522,1.0
2022-12-22,0.13491,1.0
2022-12-23,0.13506,1.0
2022-12-26,0.13476,1.0
2022-12-27,0.13509,1.0
2022-12-28,0.13498,1.0
2022-12-29,0.13469,1.0
2022-12-30,0.13463,-1.0
2023-01-02,0.13538,-1.0
2023-01-03,0.13604,-1.0
2023-01-04,0.13704,-1.0
2023-01-05,0.13687,-1.0
2023-01-06,0.13812,-1.0
2023-01-09,0.13733,1.0
2023-01-10,0.13751,1.0
2023-01-11,0.13738,1.0
2023-01-12,0.13733,1.0
2023-01-13,0.13671,1.0
2023-01-16,0.13776,1.0
2023-01-17,0.13724,1.0
2023-01-18,0.13677,-1.0
2023-01-19,0.13731,-1.0
2023-01-20,0.13626,-1.0
2023-01-23,0.13575,-1.0
2023-01-24,0.13557,-1.0
2023-01-25,0.13537,-1.0
2023-01-26,0.13506,-1.0
2023-01-27,0.13531,1.0
2023-01-30,0.13569,1.0
2023-01-31,0.13651,1.0
2023-02-01,0.13625,1.0
2023-02-02,0.13493,1.0
2023-02-03,0.13616,1.0
2023-02-06,0.13672,1.0
2023-02-07,0.13724,1.0
2023-02-08,0.13719,1.0
2023-02-09,0.13749,1.0
2023-02-10,0.13738,1.0
2023-02-13,0.13753,-1.0
2023-02-14,0.13664,-1.0
2023-02-15,0.13641,-1.0
2023-02-16,0.13652,-1.0
2023-02-17,0.13654,-1.0
2023-02-20,0.13615,-1.0
2023-02-21,0.13647,1.0
2023-02-22,0.1367,1.0
2023-02-23,0.13682,1.0
2023-02-24,0.13671,1.0
2023-02-27,0.13625,1.0
2023-02-28,0.13566,1.0
2023-03-01,0.13634,1.0
2023-03-02,0.13671,-1.0
2023-03-03,0.13639,-1.0
2023-03-06,0.13614,-1.0
2023-03-07,0.13503,-1.0
2023-03-08,0.13614,-1.0
2023-03-09,0.13642,-1.0
2023-03-10,0.1356,1.0
2023-03-13,0.13612,1.0
2023-03-14,0.13612,1.0
2023-03-15,0.13557,1.0
2023-03-16,0.13682,1.0
2023-03-17,0.13659,1.0
2023-03-20,0.13608,-1.0
2023-03-21,0.13559,-1.0
2023-03-22,0.13486,-1.0
2023-03-23,0.13379,-1.0
2023-03-24,0.13533,-1.0
2023-03-27,0.13527,-1.0
2023-03-28,0.13451,-1.0
2023-03-29,0.13411,-1.0
2023-03-30,0.13389,-1.0
2023-03-31,0.1334,1.0
2023-04-03,0.13426,1.0
2023-04-04,0.13331,1.0
2023-04-05,0.13268,1.0
2023-04-06,0.13326,1.0
2023-04-07,0.13317,1.0
2023-04-10,0.13348,1.0
2023-04-11,0.13377,1.0
2023-04-12,0.13308,1.0
2023-04-13,0.13233,-1.0
2023-04-14,0.13177,-1.0
2023-04-17,0.13241,-1.0
2023-04-18,0.133,-1.0
2023-04-19,0.13254,-1.0
2023-04-20,0.13249,-1.0
2023-04-21,0.13261,-1.0
2023-04-24,0.13198,-1.0
2023-04-25,0.13125,-1.0
2023-04-26,0.13141,1.0
2023-04-27,0.13072,1.0
2023-04-28,0.13092,1.0
2023-05-01,0.13125,1.0
2023-05-02,0.13177,1.0
2023-05-03,0.13144,1.0
2023-05-04,0.13072,1.0
2023-05-05,0.13141,0.0
2023-05-08,0.13129,0.0
2023-05-09,0.13142,1.0
2023-05-10,0.13174,1.0
2023-05-11,0.13126,1.0
2023-05-12,0.1318,1.0
2023-05-15,0.13234,1.0
2023-05-16,0.13222,1.0
2023-05-17,0.13187,1.0
2023-05-18,0.13177,1.0
2023-05-19,0.13191,0.0
2023-05-22,0.13183,1.0
2023-05-23,0.1314,1.0
2023-05-24,0.13154,1.0
2023-05-25,0.13168,1.0
2023-05-26,0.13167,1.0
2023-05-29,0.13191,1.0
2023-05-30,0.13192,1.0
2023-05-31,0.13157,0.0
2023-06-01,0.13153,-1.0
2023-06-02,0.13094,-1.0
2023-06-05,0.13179,-1.0
2023-06-06,0.13143,-1.0
2023-06-07,0.13129,-1.0
2023-06-08,0.13106,-1.0
2023-06-09,0.13037,-1.0
2023-06-12,0.13045,-1.0
2023-06-13,0.13008,-1.0
2023-06-14,0.12925,1.0
2023-06-15,0.12889,1.0
2023-06-16,0.12829,1.0
2023-06-19,0.12825,1.0
2023-06-20,0.12784,1.0
2023-06-21,0.12754,1.0
2023-06-22,0.12675,-1.0
2023-06-23,0.12711,-1.0
2023-06-26,0.12783,-1.0
2023-06-27,0.12664,-1.0
2023-06-28,0.1263,-1.0
2023-06-29,0.12644,-1.0
2023-06-30,0.12676,1.0
2023-07-03,0.12634,1.0
2023-07-04,0.12654,1.0
2023-07-05,0.12729,1.0
2023-07-06,0.12705,1.0
2023-07-07,0.12669,1.0
2023-07-10,0.12622,-1.0
2023-07-11,0.12575,-1.0
2023-07-12,0.12599,-1.0
2023-07-13,0.12532,-1.0
2023-07-14,0.12453,-1.0
2023-07-17,0.12467,-1.0
2023-07-18,0.12403,1.0
2023-07-19,0.12412,1.0
2023-07-20,0.12352,1.0
2023-07-21,0.12518,1.0
2023-07-24,0.12501,1.0
2023-07-25,0.12571,1.0
2023-07-26,0.12672,1.0
2023-07-27,0.1264,1.0
2023-07-28,0.12694,1.0
2023-07-31,0.12682,1.0
2023-08-01,0.12726,-1.0
2023-08-02,0.12672,-1.0
2023-08-03,0.12705,-1.0
2023-08-04,0.12749,-1.0
2023-08-07,0.12666,-1.0
2023-08-08,0.12632,-1.0
2023-08-09,0.12643,-1.0
2023-08-10,0.12635,1.0
2023-08-11,0.12611,1.0
2023-08-14,0.12617,1.0
2023-08-15,0.12615,1.0
2023-08-16,0.12587,1.0
2023-08-17,0.12588,1.0
2023-08-18,0.12616,-1.0
2023-08-21,0.12627,-1.0
2023-08-22,0.12592,-1.0
2023-08-23,0.12637,-1.0
2023-08-24,0.12645,-1.0
2023-08-25,0.12697,-1.0
2023-08-28,0.12703,-1.0
2023-08-29,0.12672,-1.0
2023-08-30,0.12614,1.0
2023-08-31,0.12564,1.0
2023-09-01,0.12701,1.0
2023-09-04,0.12777,1.0
2023-09-05,0.12733,1.0
2023-09-06,0.12767,1.0
2023-09-07,0.12745,-1.0
2023-09-08,0.1275,-1.0
2023-09-11,0.12724,-1.0
2023-09-12,0.12755,-1.0
2023-09-13,0.12779,-1.0
2023-09-14,0.12797,-1.0
2023-09-15,0.12906,-1.0
2023-09-18,0.12877,-1.0
2023-09-19,0.12822,1.0
2023-09-20,0.12831,1.0
2023-09-21,0.12868,1.0
2023-09-22,0.12835,1.0
2023-09-25,0.12868,1.0
2023-09-26,0.12907,1.0
2023-09-27,0.12934,1.0
2023-09-28,0.13016,-1.0
2023-09-29,0.12958,-1.0
2023-10-02,0.12949,-1.0
2023-10-03,0.13042,-1.0
2023-10-04,0.13083,-1.0
2023-10-05,0.13026,-1.0
2023-10-06,0.12983,-1.0
2023-10-09,0.12931,1.0
2023-10-10,0.12975,1.0
2023-10-11,0.12923,1.0
2023-10-12,0.12895,1.0
2023-10-13,0.13001,1.0
2023-10-16,0.13016,1.0
2023-10-17,0.12949,-1.0
2023-10-18,0.12924,-1.0
2023-10-19,0.1297,-1.0
2023-10-20,0.12915,-1.0
2023-10-23,0.12897,-1.0
2023-10-24,0.1281,-1.0
2023-10-25,0.1291,1.0
2023-10-26,0.12928,1.0
2023-10-27,0.12939,1.0
2023-10-30,0.12934,1.0
2023-10-31,0.12876,1.0
2023-11-01,0.12909,1.0
2023-11-02,0.1293,1.0
2023-11-03,0.12863,-1.0
2023-11-06,0.12758,-1.0
2023-11-07,0.12831,-1.0
2023-11-08,0.12841,-1.0
2023-11-09,0.12822,-1.0
2023-11-10,0.12864,-1.0
2023-11-13,0.12836,-1.0
2023-11-14,0.1282,-1.0
2023-11-15,0.1267,1.0
2023-11-16,0.12719,1.0
2023-11-17,0.12718,1.0
2023-11-20,0.12707,1.0
2023-11-21,0.1274,1.0
2023-11-22,0.12838,1.0
2023-11-23,0.12833,-1.0
2023-11-24,0.12829,-1.0
2023-11-27,0.1278,-1.0
2023-11-28,0.12756,-1.0
2023-11-29,0.12738,-1.0
2023-11-30,0.1278,-1.0
2023-12-01,0.12864,-1.0
2023-12-04,0.1287,-1.0
2023-12-05,0.12931,1.0
2023-12-06,0.12954,1.0
2023-12-07,0.12971,1.0
2023-12-08,0.12949,1.0
2023-12-11,0.12965,1.0
2023-12-12,0.12942,1.0
2023-12-13,0.12905,-1.0
2023-12-14,0.12802,-1.0
2023-12-15,0.12793,-1.0
2023-12-18,0.1288,-1.0
2023-12-19,0.12828,-1.0
2023-12-20,0.1277,-1.0
2023-12-21,0.12799,1.0
2023-12-22,0.12728,1.0
2023-12-25,0.12727,1.0
2023-12-26,0.12723,1.0
2023-12-27,0.12674,1.0
2023-12-28,0.12608,1.0
2023-12-29,0.12713,1.0
2024-01-01,0.12758,1.0
2024-01-02,0.12758,1.0
2024-01-03,0.12791,1.0
2024-01-04,0.12802,1.0
2024-01-05,0.12758,-1.0
2024-01-08,0.12799,-1.0
2024-01-09,0.12745,-1.0
2024-01-10,0.12768,-1.0
2024-01-11,0.12715,-1.0
2024-01-12,0.12709,-1.0
2024-01-15,0.12737,1.0
2024-01-16,0.12728,1.0
2024-01-17,0.12783,1.0
2024-01-18,0.12787,1.0
2024-01-19,0.12774,1.0
2024-01-22,0.12756,1.0
2024-01-23,0.12771,1.0
2024-01-24,0.12846,-1.0
2024-01-25,0.12842,-1.0
2024-01-26,0.12856,-1.0
2024-01-29,0.12835,-1.0
2024-01-30,0.12874,-1.0
2024-01-31,0.12845,-1.0
2024-02-01,0.129,-1.0
2024-02-02,0.12805,-1.0
2024-02-05,0.12878,1.0
2024-02-06,0.12929,1.0
2024-02-07,0.12926,1.0
2024-02-08,0.12897,1.0
2024-02-09,0.12888,1.0
2024-02-12,0.12885,1.0
2024-02-13,0.12901,1.0
2024-02-14,0.12976,1.0
2024-02-15,0.12956,1.0
2024-02-16,0.12902,1.0
2024-02-19,0.12897,-1.0
2024-02-20,0.12881,-1.0
2024-02-21,0.12862,-1.0
2024-02-22,0.12864,-1.0
2024-02-23,0.12839,-1.0
2024-02-26,0.12839,-1.0
2024-02-27,0.12799,1.0
2024-02-28,0.12804,1.0
2024-02-29,0.12814,1.0
2024-03-01,0.12871,1.0
2024-03-04,0.12816,1.0
2024-03-05,0.1279,1.0
2024-03-06,0.12794,-1.0
2024-03-07,0.12747,-1.0
2024-03-08,0.12695,-1.0
2024-03-11,0.1272,-1.0
2024-03-12,0.12741,-1.0
2024-03-13,0.12741,-1.0
2024-03-14,0.12705,1.0
2024-03-15,0.12766,1.0
2024-03-18,0.12758,1.0
2024-03-19,0.12771,1.0
2024-03-20,0.12779,1.0
2024-03-21,0.1278,1.0
2024-03-22,0.12785,-1.0
2024-03-25,0.12794,-1.0
2024-03-26,0.12793,-1.0
2024-03-27,0.12785,-1.0
2024-03-28,0.12778,-1.0
2024-03-29,0.12818,-1.0
2024-04-01,0.12831,-1.0
2024-04-02,0.12867,-1.0
2024-04-03,0.12842,-1.0
2024-04-04,0.12755,-1.0
2024-04-05,0.12751,-1.0
2024-04-08,0.12757,1.0
2024-04-09,0.12732,1.0
2024-04-10,0.12732,1.0
2024-04-11,0.12871,1.0
2024-04-12,0.12877,1.0
2024-04-15,0.12978,1.0
2024-04-16,0.12998,-1.0
2024-04-17,0.12998,-1.0
2024-04-18,0.12941,-1.0
2024-04-19,0.12974,-1.0
2024-04-22,0.12957,-1.0
2024-04-23,0.12952,-1.0
2024-04-24,0.12892,-1.0
2024-04-25,0.12903,-1.0
2024-04-26,0.12869,1.0
2024-04-29,0.129,1.0
2024-04-30,0.12891,1.0
2024-05-01,0.12925,1.0
2024-05-02,0.12946,1.0
2024-05-03,0.12874,1.0
2024-05-06,0.12828,1.0
2024-05-07,0.12874,-1.0
2024-05-08,0.12875,-1.0
2024-05-09,0.12877,-1.0
2024-05-10,0.12855,-1.0
2024-05-13,0.12843,-1.0
2024-05-14,0.12809,-1.0
2024-05-15,0.12776,1.0
2024-05-16,0.12725,1.0
2024-05-17,0.12744,1.0
2024-05-20,0.12732,1.0
2024-05-21,0.12722,1.0
2024-05-22,0.12725,1.0
2024-05-23,0.12757,-1.0
2024-05-24,0.12764,-1.0
2024-05-27,0.12722,-1.0
2024-05-28,0.12708,-1.0
2024-05-29,0.12706,-1.0
2024-05-30,0.12767,-1.0
2024-05-31,0.12761,-1.0
2024-06-03,0.12725,-1.0
2024-06-04,0.12659,-1.0
2024-06-05,0.12693,1.0
2024-06-06,0.12683,1.0
2024-06-07,0.12669,1.0
2024-06-10,0.12769,1.0
2024-06-11,0.1282,1.0
2024-06-12,0.12829,1.0
2024-06-13,0.12774,1.0
2024-06-14,0.12836,1.0
2024-06-17,0.12868,1.0
2024-06-18,0.12834,1.0
2024-06-19,0.12829,1.0
2024-06-20,0.12821,1.0
2024-06-21,0.12858,1.0
2024-06-24,0.12874,-1.0
2024-06-25,0.12828,-1.0
2024-06-26,0.12845,-1.0
2024-06-27,0.12883,-1.0
2024-06-28,0.12848,-1.0
2024-07-01,0.12846,-1.0
2024-07-02,0.12806,-1.0
2024-07-03,0.128,1.0
2024-07-04,0.12747,1.0
2024-07-05,0.12722,1.0
2024-07-08,0.127,1.0
2024-07-09,0.12705,1.0
2024-07-10,0.1271,1.0
2024-07-11,0.12686,1.0
2024-07-12,0.12674,-1.0
2024-07-15,0.1264,-1.0
2024-07-16,0.12632,-1.0
2024-07-17,0.12617,-1.0
2024-07-18,0.12588,-1.0
2024-07-19,0.12636,-1.0
2024-07-22,0.1264,-1.0
2024-07-23,0.12623,1.0
2024-07-24,0.12665,1.0
2024-07-25,0.12697,1.0
2024-07-26,0.12745,1.0
2024-07-29,0.12695,1.0
2024-07-30,0.12723,1.0
2024-07-31,0.1275,-1.0
2024-08-01,0.12805,-1.0
2024-08-02,0.12788,-1.0
2024-08-05,0.12798,-1.0
2024-08-06,0.12799,-1.0
2024-08-07,0.12782,-1.0
2024-08-08,0.12752,-1.0
2024-08-09,0.12763,1.0
2024-08-12,0.12779,1.0
2024-08-13,0.12747,1.0
2024-08-14,0.12706,1.0
2024-08-15,0.12689,1.0
2024-08-16,0.12692,1.0
2024-08-19,0.12668,-1.0
2024-08-20,0.12633,-1.0
2024-08-21,0.12593,-1.0
2024-08-22,0.12567,-1.0
2024-08-23,0.12592,-1.0
2024-08-26,0.12539,-1.0
2024-08-27,0.12577,-1.0
2024-08-28,0.12546,1.0
2024-08-29,0.12618,1.0
2024-08-30,0.12714,1.0
2024-09-02,0.12759,1.0
2024-09-03,0.1269,1.0
2024-09-04,0.12714,1.0
2024-09-05,0.12682,-1.0
2024-09-06,0.12687,-1.0
2024-09-09,0.12728,-1.0
2024-09-10,0.12732,-1.0
2024-09-11,0.12739,-1.0
2024-09-12,0.12744,-1.0
2024-09-13,0.12698,1.0
2024-09-16,0.12717,1.0
2024-09-17,0.12663,1.0
2024-09-18,0.1268,1.0
2024-09-19,0.12685,1.0
2024-09-20,0.1267,1.0
2024-09-23,0.127,-1.0
2024-09-24,0.12759,-1.0
2024-09-25,0.12721,-1.0
2024-09-26,0.12772,-1.0
2024-09-27,0.12759,-1.0
2024-09-30,0.12772,-1.0
2024-10-01,0.12792,1.0
2024-10-02,0.12866,1.0
2024-10-03,0.12902,1.0
2024-10-04,0.12916,1.0
2024-10-07,0.12977,1.0
2024-10-08,0.12979,1.0
2024-10-09,0.12897,1.0
2024-10-10,0.12905,-1.0
2024-10-11,0.12912,-1.0
2024-10-14,0.12933,-1.0
2024-10-15,0.12931,-1.0
2024-10-16,0.12892,-1.0
2024-10-17,0.12925,-1.0
2024-10-18,0.12961,-1.0
2024-10-21,0.12959,-1.0
2024-10-22,0.12987,-1.0
2024-10-23,0.12997,-1.0
2024-10-24,0.1301,-1.0
2024-10-25,0.12971,1.0
2024-10-28,0.1299,1.0
2024-10-29,0.12969,1.0
2024-10-30,0.12961,1.0
2024-10-31,0.12939,1.0
2024-11-01,0.12921,1.0
2024-11-04,0.12956,-1.0
2024-11-05,0.12944,-1.0
2024-11-06,0.12873,-1.0
2024-11-07,0.12974,-1.0
2024-11-08,0.12959,-1.0
2024-11-11,0.12991,-1.0
2024-11-12,0.13004,1.0
2024-11-13,0.13007,1.0
2024-11-14,0.13099,1.0
2024-11-15,0.13115,1.0
2024-11-18,0.13123,1.0
2024-11-19,0.13032,1.0
2024-11-20,0.13055,1.0
2024-11-21,0.13089,1.0
2024-11-22,0.13189,1.0
2024-11-25,0.13246,-1.0
2024-11-26,0.13158,-1.0
2024-11-27,0.13141,-1.0
2024-11-28,0.13056,-1.0
2024-11-29,0.13072,-1.0
2024-12-02,0.13055,-1.0
2024-12-03,0.13108,1.0
2024-12-04,0.13055,1.0
2024-12-05,0.13094,1.0
2024-12-06,0.13011,1.0
2024-12-09,0.13025,1.0
2024-12-10,0.1305,1.0
2024-12-11,0.13101,1.0
2024-12-12,0.13123,1.0
2024-12-13,0.1314,-1.0
2024-12-16,0.13083,-1.0
2024-12-17,0.13058,-1.0
2024-12-18,0.13083,-1.0
2024-12-19,0.13253,-1.0
2024-12-20,0.13218,-1.0
2024-12-23,0.1314,-1.0
2024-12-24,0.13163,1.0
2024-12-25,0.13178,1.0
2024-12-26,0.13152,1.0
2024-12-27,0.13142,1.0
2024-12-30,0.13138,1.0
2024-12-31,0.13162,1.0
2025-01-01,0.13232,1.0
2025-01-02,0.13232,1.0
2025-01-03,0.13355,-1.0
2025-01-06,0.13247,-1.0
2025-01-07,0.13139,-1.0
2025-01-08,0.13195,-1.0
2025-01-09,0.13212,-1.0
2025-01-10,0.13237,-1.0
2025-01-13,0.13312,1.0
2025-01-14,0.13353,1.0
2025-01-15,0.13239,1.0
2025-01-16,0.13252,1.0
2025-01-17,0.13237,1.0
2025-01-20,0.13288,1.0
2025-01-21,0.13146,1.0
2025-01-22,0.13197,1.0
2025-01-23,0.13205,-1.0
2025-01-24,0.13169,-1.0
2025-01-27,0.13151,-1.0
2025-01-28,0.13143,-1.0
2025-01-29,0.13217,-1.0
2025-01-30,0.13251,-1.0
2025-01-31,0.13236,1.0
2025-02-03,0.13282,1.0
2025-02-04,0.1339,1.0
2025-02-05,0.13283,1.0
2025-02-06,0.13212,1.0
2025-02-07,0.1321,1.0
2025-02-10,0.13282,1.0
2025-02-11,0.13278,-1.0
2025-02-12,0.13203,-1.0
2025-02-13,0.13117,-1.0
2025-02-14,0.13131,-1.0
2025-02-17,0.13119,-1.0
2025-02-18,0.13132,-1.0
2025-02-19,0.13144,-1.0
2025-02-20,0.13185,1.0
2025-02-21,0.13119,1.0
2025-02-24,0.1319,1.0
2025-02-25,0.13174,1.0
2025-02-26,0.13111,1.0
2025-02-27,0.13131,1.0
2025-02-28,0.13191,-1.0
2025-03-03,0.1323,-1.0
2025-03-04,0.13083,-1.0
2025-03-05,0.13068,-1.0
2025-03-06,0.12776,-1.0
2025-03-07,0.12777,-1.0
2025-03-10,0.12746,-1.0
2025-03-11,0.1271,1.0
2025-03-12,0.12674,1.0
2025-03-13,0.12687,1.0
2025-03-14,0.1271,1.0
