Date,Date,Close,True_Signal,Ensemble_Signal
2015-01-01,2015-01-01,0.10343,1,-1.0
2015-01-02,2015-01-02,0.10509,1,-1.0
2015-01-05,2015-01-05,0.10535,1,-1.0
2015-01-06,2015-01-06,0.10625,1,-1.0
2015-01-07,2015-01-07,0.10648,1,-1.0
2015-01-08,2015-01-08,0.10665,-1,-1.0
2015-01-09,2015-01-09,0.1062,0,-1.0
2015-01-12,2015-01-12,0.10621,1,-1.0
2015-01-13,2015-01-13,0.10638,-1,-1.0
2015-01-14,2015-01-14,0.1059,1,-1.0
2015-01-15,2015-01-15,0.10642,-1,-1.0
2015-01-16,2015-01-16,0.10629,0,-1.0
2015-01-19,2015-01-19,0.10631,-1,-1.0
2015-01-20,2015-01-20,0.10614,1,-1.0
2015-01-21,2015-01-21,0.10625,1,-1.0
2015-01-22,2015-01-22,0.10741,-1,-1.0
2015-01-23,2015-01-23,0.10706,-1,-1.0
2015-01-26,2015-01-26,0.10595,-1,-1.0
2015-01-27,2015-01-27,0.10538,1,-1.0
2015-01-28,2015-01-28,0.10562,1,-1.0
2015-01-29,2015-01-29,0.10616,0,-1.0
2015-01-30,2015-01-30,0.10613,1,-1.0
2015-02-02,2015-02-02,0.10627,-1,-1.0
2015-02-03,2015-02-03,0.10541,0,-1.0
2015-02-04,2015-02-04,0.10536,-1,-1.0
2015-02-05,2015-02-05,0.1043,1,-1.0
2015-02-06,2015-02-06,0.105,1,-1.0
2015-02-09,2015-02-09,0.10515,-1,-1.0
2015-02-10,2015-02-10,0.10502,0,-1.0
2015-02-11,2015-02-11,0.10506,-1,-1.0
2015-02-12,2015-02-12,0.10406,0,-1.0
2015-02-13,2015-02-13,0.10399,1,-1.0
2015-02-16,2015-02-16,0.10412,0,-1.0
2015-02-17,2015-02-17,0.10411,-1,-1.0
2015-02-18,2015-02-18,0.10348,1,-1.0
2015-02-19,2015-02-19,0.10365,1,-1.0
2015-02-20,2015-02-20,0.10376,-1,-1.0
2015-02-23,2015-02-23,0.10339,0,-1.0
2015-02-24,2015-02-24,0.10344,-1,-1.0
2015-02-25,2015-02-25,0.10284,1,-1.0
2015-02-26,2015-02-26,0.10363,-1,-1.0
2015-02-27,2015-02-27,0.10345,1,-1.0
2015-03-02,2015-03-02,0.10373,0,-1.0
2015-03-03,2015-03-03,0.1037,1,-1.0
2015-03-04,2015-03-04,0.10443,1,-1.0
2015-03-05,2015-03-05,0.10458,1,-1.0
2015-03-06,2015-03-06,0.10615,-1,-1.0
2015-03-09,2015-03-09,0.10554,1,-1.0
2015-03-10,2015-03-10,0.10593,1,-1.0
2015-03-11,2015-03-11,0.10691,1,-1.0
2015-03-12,2015-03-12,0.10721,1,-1.0
2015-03-13,2015-03-13,0.10831,-1,-1.0
2015-03-16,2015-03-16,0.10767,1,-1.0
2015-03-17,2015-03-17,0.10851,-1,-1.0
2015-03-18,2015-03-18,0.10732,1,-1.0
2015-03-19,2015-03-19,0.10933,-1,-1.0
2015-03-20,2015-03-20,0.10776,-1,-1.0
2015-03-23,2015-03-23,0.10745,1,-1.0
2015-03-24,2015-03-24,0.10855,-1,-1.0
2015-03-25,2015-03-25,0.10805,1,-1.0
2015-03-26,2015-03-26,0.10841,-1,-1.0
2015-03-27,2015-03-27,0.10811,1,-1.0
2015-03-30,2015-03-30,0.10874,0,-1.0
2015-03-31,2015-03-31,0.10873,0,-1.0
2015-04-01,2015-04-01,0.10874,0,-1.0
2015-04-02,2015-04-02,0.10872,1,-1.0
2015-04-03,2015-04-03,0.10936,-1,-1.0
2015-04-06,2015-04-06,0.1084,1,-1.0
2015-04-07,2015-04-07,0.10884,-1,-1.0
2015-04-08,2015-04-08,0.10833,1,-1.0
2015-04-09,2015-04-09,0.10946,1,-1.0
2015-04-10,2015-04-10,0.11003,-1,-1.0
2015-04-13,2015-04-13,0.10962,-1,-1.0
2015-04-14,2015-04-14,0.1089,-1,-1.0
2015-04-15,2015-04-15,0.10866,-1,-1.0
2015-04-16,2015-04-16,0.10807,-1,-1.0
2015-04-17,2015-04-17,0.1078,1,-1.0
2015-04-20,2015-04-20,0.10817,-1,-1.0
2015-04-21,2015-04-21,0.10799,-1,-1.0
2015-04-22,2015-04-22,0.10734,-1,-1.0
2015-04-23,2015-04-23,0.10713,-1,-1.0
2015-04-24,2015-04-24,0.10625,-1,-1.0
2015-04-27,2015-04-27,0.10553,-1,-1.0
2015-04-28,2015-04-28,0.10503,-1,-1.0
2015-04-29,2015-04-29,0.10451,1,-1.0
2015-04-30,2015-04-30,0.10495,1,-1.0
2015-05-01,2015-05-01,0.10645,0,-1.0
2015-05-04,2015-05-04,0.10649,-1,-1.0
2015-05-05,2015-05-05,0.10616,-1,-1.0
2015-05-06,2015-05-06,0.10577,-1,-1.0
2015-05-07,2015-05-07,0.10446,-1,-1.0
2015-05-08,2015-05-08,0.10413,-1,-1.0
2015-05-11,2015-05-11,0.10334,-1,-1.0
2015-05-12,2015-05-12,0.10275,-1,-1.0
2015-05-13,2015-05-13,0.10233,-1,-1.0
2015-05-14,2015-05-14,0.10217,1,-1.0
2015-05-15,2015-05-15,0.10241,1,-1.0
2015-05-18,2015-05-18,0.10289,1,-1.0
2015-05-19,2015-05-19,0.10379,-1,-1.0
2015-05-20,2015-05-20,0.10368,-1,-1.0
2015-05-21,2015-05-21,0.10301,1,-1.0
2015-05-22,2015-05-22,0.10412,1,-1.0
2015-05-25,2015-05-25,0.10425,1,-1.0
2015-05-26,2015-05-26,0.10466,1,-1.0
2015-05-27,2015-05-27,0.10499,1,-1.0
2015-05-28,2015-05-28,0.10522,1,-1.0
2015-05-29,2015-05-29,0.10544,1,-1.0
2015-06-01,2015-06-01,0.10607,-1,-1.0
2015-06-02,2015-06-02,0.10512,0,-1.0
2015-06-03,2015-06-03,0.10517,-1,-1.0
2015-06-04,2015-06-04,0.10498,1,-1.0
2015-06-05,2015-06-05,0.10554,-1,-1.0
2015-06-08,2015-06-08,0.10498,-1,-1.0
2015-06-09,2015-06-09,0.10471,-1,-1.0
2015-06-10,2015-06-10,0.10383,0,-1.0
2015-06-11,2015-06-11,0.10381,-1,-1.0
2015-06-12,2015-06-12,0.10343,-1,-1.0
2015-06-15,2015-06-15,0.10321,-1,-1.0
2015-06-16,2015-06-16,0.10287,-1,-1.0
2015-06-17,2015-06-17,0.10171,-1,-1.0
2015-06-18,2015-06-18,0.1014,0,-1.0
2015-06-19,2015-06-19,0.10135,1,-1.0
2015-06-22,2015-06-22,0.10173,1,-1.0
2015-06-23,2015-06-23,0.10238,1,-1.0
2015-06-24,2015-06-24,0.10255,-1,-1.0
2015-06-25,2015-06-25,0.10222,0,-1.0
2015-06-26,2015-06-26,0.10225,0,-1.0
2015-06-29,2015-06-29,0.10234,1,-1.0
2015-06-30,2015-06-30,0.10276,1,-1.0
2015-07-01,2015-07-01,0.10319,0,-1.0
2015-07-02,2015-07-02,0.10319,1,-1.0
2015-07-03,2015-07-03,0.10352,-1,-1.0
2015-07-06,2015-07-06,0.10317,1,-1.0
2015-07-07,2015-07-07,0.1041,1,-1.0
2015-07-08,2015-07-08,0.10473,0,-1.0
2015-07-09,2015-07-09,0.10472,-1,-1.0
2015-07-10,2015-07-10,0.10376,1,-1.0
2015-07-13,2015-07-13,0.10394,-1,-1.0
2015-07-14,2015-07-14,0.10296,0,-1.0
2015-07-15,2015-07-15,0.10297,1,-1.0
2015-07-16,2015-07-16,0.10313,0,-1.0
2015-07-17,2015-07-17,0.10317,1,-1.0
2015-07-20,2015-07-20,0.10341,0,-1.0
2015-07-21,2015-07-21,0.10345,-1,-1.0
2015-07-22,2015-07-22,0.10307,1,-1.0
2015-07-23,2015-07-23,0.10373,0,-1.0
2015-07-24,2015-07-24,0.1038,-1,-1.0
2015-07-27,2015-07-27,0.10346,-1,-1.0
2015-07-28,2015-07-28,0.10312,0,-1.0
2015-07-29,2015-07-29,0.10315,0,-1.0
2015-07-30,2015-07-30,0.1032,-1,-1.0
2015-07-31,2015-07-31,0.10305,1,-1.0
2015-08-03,2015-08-03,0.10326,1,-1.0
2015-08-04,2015-08-04,0.10341,-1,-1.0
2015-08-05,2015-08-05,0.10317,1,-1.0
2015-08-06,2015-08-06,0.10376,1,-1.0
2015-08-07,2015-08-07,0.10392,-1,-1.0
2015-08-10,2015-08-10,0.10326,-1,-1.0
2015-08-11,2015-08-11,0.10146,-1,-1.0
2015-08-12,2015-08-12,0.10024,-1,-1.0
2015-08-13,2015-08-13,0.10006,0,-1.0
2015-08-14,2015-08-14,0.09997,1,-1.0
2015-08-17,2015-08-17,0.10029,-1,-1.0
2015-08-18,2015-08-18,0.09981,-1,-1.0
2015-08-19,2015-08-19,0.09967,0,-1.0
2015-08-20,2015-08-20,0.09972,0,-1.0
2015-08-21,2015-08-21,0.0997,-1,-1.0
2015-08-24,2015-08-24,0.09909,1,-1.0
2015-08-25,2015-08-25,0.09929,1,-1.0
2015-08-26,2015-08-26,0.10075,1,-1.0
2015-08-27,2015-08-27,0.10129,1,-1.0
2015-08-28,2015-08-28,0.10168,1,-1.0
2015-08-31,2015-08-31,0.10215,1,-1.0
2015-09-01,2015-09-01,0.10262,1,-1.0
2015-09-02,2015-09-02,0.10275,1,-1.0
2015-09-03,2015-09-03,0.10312,1,-1.0
2015-09-04,2015-09-04,0.10367,-1,-1.0
2015-09-07,2015-09-07,0.1029,-1,-1.0
2015-09-08,2015-09-08,0.10198,0,-1.0
2015-09-09,2015-09-09,0.10206,-1,-1.0
2015-09-10,2015-09-10,0.1015,1,-1.0
2015-09-11,2015-09-11,0.10163,1,-1.0
2015-09-14,2015-09-14,0.10179,1,-1.0
2015-09-15,2015-09-15,0.10227,-1,-1.0
2015-09-16,2015-09-16,0.10127,-1,-1.0
2015-09-17,2015-09-17,0.10081,1,-1.0
2015-09-18,2015-09-18,0.10114,0,-1.0
2015-09-21,2015-09-21,0.10119,1,-1.0
2015-09-22,2015-09-22,0.10208,1,-1.0
2015-09-23,2015-09-23,0.10268,1,-1.0
2015-09-24,2015-09-24,0.10287,1,-1.0
2015-09-25,2015-09-25,0.10331,-1,-1.0
2015-09-28,2015-09-28,0.10317,1,-1.0
2015-09-29,2015-09-29,0.10367,1,-1.0
2015-09-30,2015-09-30,0.10397,0,-1.0
2015-10-01,2015-10-01,0.1039,-1,-1.0
2015-10-02,2015-10-02,0.10354,1,-1.0
2015-10-05,2015-10-05,0.10381,-1,-1.0
2015-10-06,2015-10-06,0.10324,-1,-1.0
2015-10-07,2015-10-07,0.10267,-1,-1.0
2015-10-08,2015-10-08,0.10251,1,-1.0
2015-10-09,2015-10-09,0.10284,1,-1.0
2015-10-12,2015-10-12,0.10305,1,-1.0
2015-10-13,2015-10-13,0.10332,-1,-1.0
2015-10-14,2015-10-14,0.10178,0,-1.0
2015-10-15,2015-10-15,0.10177,1,-1.0
2015-10-16,2015-10-16,0.10192,-1,-1.0
2015-10-19,2015-10-19,0.10162,1,1.0
2015-10-20,2015-10-20,0.10193,1,-1.0
2015-10-21,2015-10-21,0.10213,0,-1.0
2015-10-22,2015-10-22,0.10214,1,1.0
2015-10-23,2015-10-23,0.10281,-1,-1.0
2015-10-26,2015-10-26,0.10252,1,-1.0
2015-10-27,2015-10-27,0.10274,1,-1.0
2015-10-28,2015-10-28,0.10292,-1,-1.0
2015-10-29,2015-10-29,0.10267,-1,-1.0
2015-10-30,2015-10-30,0.10253,-1,-1.0
2015-11-02,2015-11-02,0.10231,0,-1.0
2015-11-03,2015-11-03,0.10231,1,-1.0
2015-11-04,2015-11-04,0.10251,1,-1.0
2015-11-05,2015-11-05,0.10354,1,-1.0
2015-11-06,2015-11-06,0.10455,-1,-1.0
2015-11-09,2015-11-09,0.10393,0,-1.0
2015-11-10,2015-11-10,0.10392,-1,-1.0
2015-11-11,2015-11-11,0.10319,-1,-1.0
2015-11-12,2015-11-12,0.10305,-1,-1.0
2015-11-13,2015-11-13,0.10285,1,-1.0
2015-11-16,2015-11-16,0.1032,0,-1.0
2015-11-17,2015-11-17,0.10315,-1,-1.0
2015-11-18,2015-11-18,0.10279,-1,-1.0
2015-11-19,2015-11-19,0.10241,1,-1.0
2015-11-20,2015-11-20,0.10307,1,-1.0
2015-11-23,2015-11-23,0.10343,1,-1.0
2015-11-24,2015-11-24,0.10372,-1,-1.0
2015-11-25,2015-11-25,0.10344,1,-1.0
2015-11-26,2015-11-26,0.10368,1,-1.0
2015-11-27,2015-11-27,0.10408,-1,-1.0
2015-11-30,2015-11-30,0.10372,-1,-1.0
2015-12-01,2015-12-01,0.1036,1,-1.0
2015-12-02,2015-12-02,0.1045,-1,-1.0
2015-12-03,2015-12-03,0.1032,1,-1.0
2015-12-04,2015-12-04,0.10337,1,-1.0
2015-12-07,2015-12-07,0.10364,1,-1.0
2015-12-08,2015-12-08,0.10377,-1,-1.0
2015-12-09,2015-12-09,0.10263,-1,-1.0
2015-12-10,2015-12-10,0.10244,-1,-1.0
2015-12-11,2015-12-11,0.10174,1,-1.0
2015-12-14,2015-12-14,0.10197,1,-1.0
2015-12-15,2015-12-15,0.10289,1,-1.0
2015-12-16,2015-12-16,0.10301,1,-1.0
2015-12-17,2015-12-17,0.10343,1,-1.0
2015-12-18,2015-12-18,0.10354,0,-1.0
2015-12-21,2015-12-21,0.10364,1,-1.0
2015-12-22,2015-12-22,0.10407,-1,-1.0
2015-12-23,2015-12-23,0.10376,-1,-1.0
2015-12-24,2015-12-24,0.10351,-1,-1.0
2015-12-25,2015-12-25,0.10339,1,-1.0
2015-12-28,2015-12-28,0.10353,1,-1.0
2015-12-29,2015-12-29,0.10407,-1,-1.0
2015-12-30,2015-12-30,0.10394,1,-1.0
2015-12-31,2015-12-31,0.10446,0,-1.0
2016-01-01,2016-01-01,0.10439,-1,-1.0
2016-01-04,2016-01-04,0.10394,1,-1.0
2016-01-05,2016-01-05,0.10443,-1,-1.0
2016-01-06,2016-01-06,0.10421,-1,-1.0
2016-01-07,2016-01-07,0.10369,1,-1.0
2016-01-08,2016-01-08,0.1044,1,-1.0
2016-01-11,2016-01-11,0.10453,1,-1.0
2016-01-12,2016-01-12,0.1052,1,-1.0
2016-01-13,2016-01-13,0.10541,-1,-1.0
2016-01-14,2016-01-14,0.10526,1,-1.0
2016-01-15,2016-01-15,0.10647,1,-1.0
2016-01-18,2016-01-18,0.10669,1,-1.0
2016-01-19,2016-01-19,0.10729,-1,-1.0
2016-01-20,2016-01-20,0.10707,-1,-1.0
2016-01-21,2016-01-21,0.10678,-1,-1.0
2016-01-22,2016-01-22,0.10649,1,-1.0
2016-01-25,2016-01-25,0.10665,-1,-1.0
2016-01-26,2016-01-26,0.10584,1,-1.0
2016-01-27,2016-01-27,0.10666,-1,-1.0
2016-01-28,2016-01-28,0.10585,1,-1.0
2016-01-29,2016-01-29,0.10669,-1,-1.0
2016-02-01,2016-02-01,0.1053,0,-1.0
2016-02-02,2016-02-02,0.10538,-1,-1.0
2016-02-03,2016-02-03,0.10414,1,-1.0
2016-02-04,2016-02-04,0.10427,1,-1.0
2016-02-05,2016-02-05,0.1049,1,-1.0
2016-02-08,2016-02-08,0.10543,-1,-1.0
2016-02-09,2016-02-09,0.10513,-1,-1.0
2016-02-10,2016-02-10,0.10462,1,-1.0
2016-02-11,2016-02-11,0.10503,-1,-1.0
2016-02-12,2016-02-12,0.10486,1,-1.0
2016-02-15,2016-02-15,0.10662,1,-1.0
2016-02-16,2016-02-16,0.10733,-1,-1.0
2016-02-17,2016-02-17,0.10718,-1,-1.0
2016-02-18,2016-02-18,0.107,-1,-1.0
2016-02-19,2016-02-19,0.1064,1,-1.0
2016-02-22,2016-02-22,0.10831,1,-1.0
2016-02-23,2016-02-23,0.1092,1,-1.0
2016-02-24,2016-02-24,0.10977,-1,-1.0
2016-02-25,2016-02-25,0.10962,1,-1.0
2016-02-26,2016-02-26,0.11023,-1,-1.0
2016-02-29,2016-02-29,0.10953,-1,-1.0
2016-03-01,2016-03-01,0.10941,-1,-1.0
2016-03-02,2016-03-02,0.10838,-1,-1.0
2016-03-03,2016-03-03,0.10792,-1,-1.0
2016-03-04,2016-03-04,0.10778,-1,-1.0
2016-03-07,2016-03-07,0.10756,1,-1.0
2016-03-08,2016-03-08,0.10807,0,-1.0
2016-03-09,2016-03-09,0.10797,-1,-1.0
2016-03-10,2016-03-10,0.1075,-1,-1.0
2016-03-11,2016-03-11,0.10703,1,-1.0
2016-03-14,2016-03-14,0.10762,1,-1.0
2016-03-15,2016-03-15,0.10839,-1,-1.0
2016-03-16,2016-03-16,0.10762,-1,-1.0
2016-03-17,2016-03-17,0.10658,1,-1.0
2016-03-18,2016-03-18,0.1067,1,-1.0
2016-03-21,2016-03-21,0.1073,1,-1.0
2016-03-22,2016-03-22,0.1084,1,-1.0
2016-03-23,2016-03-23,0.10885,-1,-1.0
2016-03-24,2016-03-24,0.10847,1,-1.0
2016-03-25,2016-03-25,0.10858,-1,-1.0
2016-03-28,2016-03-28,0.10777,-1,-1.0
2016-03-29,2016-03-29,0.10679,1,-1.0
2016-03-30,2016-03-30,0.10755,1,-1.0
2016-03-31,2016-03-31,0.10778,1,-1.0
2016-04-01,2016-04-01,0.10844,-1,-1.0
2016-04-04,2016-04-04,0.10818,1,-1.0
2016-04-05,2016-04-05,0.10903,0,-1.0
2016-04-06,2016-04-06,0.10907,1,-1.0
2016-04-07,2016-04-07,0.1099,-1,-1.0
2016-04-08,2016-04-08,0.10929,-1,-1.0
2016-04-11,2016-04-11,0.10876,-1,-1.0
2016-04-12,2016-04-12,0.10844,1,-1.0
2016-04-13,2016-04-13,0.10867,1,-1.0
2016-04-14,2016-04-14,0.10906,-1,-1.0
2016-04-15,2016-04-15,0.10861,-1,-1.0
2016-04-18,2016-04-18,0.10812,-1,-1.0
2016-04-19,2016-04-19,0.10743,1,-1.0
2016-04-20,2016-04-20,0.10785,0,-1.0
2016-04-21,2016-04-21,0.10782,-1,-1.0
2016-04-22,2016-04-22,0.1066,-1,-1.0
2016-04-25,2016-04-25,0.10634,-1,-1.0
2016-04-26,2016-04-26,0.10561,1,-1.0
2016-04-27,2016-04-27,0.10582,-1,-1.0
2016-04-28,2016-04-28,0.10568,0,-1.0
2016-04-29,2016-04-29,0.10565,-1,-1.0
2016-05-02,2016-05-02,0.10526,1,-1.0
2016-05-03,2016-05-03,0.10601,0,-1.0
2016-05-04,2016-05-04,0.10609,0,-1.0
2016-05-05,2016-05-05,0.10608,1,-1.0
2016-05-06,2016-05-06,0.10664,-1,-1.0
2016-05-09,2016-05-09,0.10647,-1,-1.0
2016-05-10,2016-05-10,0.1062,1,-1.0
2016-05-11,2016-05-11,0.10666,-1,-1.0
2016-05-12,2016-05-12,0.10622,1,-1.0
2016-05-13,2016-05-13,0.10657,-1,-1.0
2016-05-16,2016-05-16,0.10641,-1,-1.0
2016-05-17,2016-05-17,0.10609,-1,-1.0
2016-05-18,2016-05-18,0.1047,-1,-1.0
2016-05-19,2016-05-19,0.10457,1,-1.0
2016-05-20,2016-05-20,0.10521,0,-1.0
2016-05-23,2016-05-23,0.10531,-1,-1.0
2016-05-24,2016-05-24,0.10429,-1,-1.0
2016-05-25,2016-05-25,0.10375,1,-1.0
2016-05-26,2016-05-26,0.10393,1,-1.0
2016-05-27,2016-05-27,0.10419,0,-1.0
2016-05-30,2016-05-30,0.10412,1,-1.0
2016-05-31,2016-05-31,0.10484,1,-1.0
2016-06-01,2016-06-01,0.10546,-1,-1.0
2016-06-02,2016-06-02,0.10533,-1,-1.0
2016-06-03,2016-06-03,0.10489,1,-1.0
2016-06-06,2016-06-06,0.10535,-1,-1.0
2016-06-07,2016-06-07,0.10462,1,-1.0
2016-06-08,2016-06-08,0.10485,1,-1.0
2016-06-09,2016-06-09,0.10536,1,-1.0
2016-06-10,2016-06-10,0.10689,0,-1.0
2016-06-13,2016-06-13,0.10683,1,-1.0
2016-06-14,2016-06-14,0.10744,-1,-1.0
2016-06-15,2016-06-15,0.10701,-1,-1.0
2016-06-16,2016-06-16,0.10681,-1,-1.0
2016-06-17,2016-06-17,0.10563,-1,-1.0
2016-06-20,2016-06-20,0.10357,-1,-1.0
2016-06-21,2016-06-21,0.10342,-1,-1.0
2016-06-22,2016-06-22,0.10289,-1,-1.0
2016-06-23,2016-06-23,0.10148,1,-1.0
2016-06-24,2016-06-24,0.11047,1,-1.0
2016-06-27,2016-06-27,0.11371,-1,-1.0
2016-06-28,2016-06-28,0.11263,-1,-1.0
2016-06-29,2016-06-29,0.11204,1,-1.0
2016-06-30,2016-06-30,0.11322,0,-1.0
2016-07-01,2016-07-01,0.11317,-1,-1.0
2016-07-04,2016-07-04,0.11301,1,-1.0
2016-07-05,2016-07-05,0.11511,1,-1.0
2016-07-06,2016-07-06,0.11559,1,-1.0
2016-07-07,2016-07-07,0.11588,-1,-1.0
2016-07-08,2016-07-08,0.11542,-1,-1.0
2016-07-11,2016-07-11,0.11501,-1,-1.0
2016-07-12,2016-07-12,0.11279,1,-1.0
2016-07-13,2016-07-13,0.11382,-1,-1.0
2016-07-14,2016-07-14,0.11217,1,-1.0
2016-07-15,2016-07-15,0.11318,-1,-1.0
2016-07-18,2016-07-18,0.11239,1,-1.0
2016-07-19,2016-07-19,0.11389,-1,-1.0
2016-07-20,2016-07-20,0.11318,0,-1.0
2016-07-21,2016-07-21,0.1132,1,-1.0
2016-07-22,2016-07-22,0.11398,0,-1.0
2016-07-25,2016-07-25,0.11388,1,-1.0
2016-07-26,2016-07-26,0.11408,-1,-1.0
2016-07-27,2016-07-27,0.11342,1,-1.0
2016-07-28,2016-07-28,0.11406,-1,-1.0
2016-07-29,2016-07-29,0.11381,1,-1.0
2016-08-01,2016-08-01,0.11409,-1,-1.0
2016-08-02,2016-08-02,0.11296,1,-1.0
2016-08-03,2016-08-03,0.11311,1,-1.0
2016-08-04,2016-08-04,0.1148,1,-1.0
2016-08-05,2016-08-05,0.11492,1,-1.0
2016-08-08,2016-08-08,0.1151,1,-1.0
2016-08-09,2016-08-09,0.11551,1,-1.0
2016-08-10,2016-08-10,0.11573,1,-1.0
2016-08-11,2016-08-11,0.1162,1,-1.0
2016-08-12,2016-08-12,0.11665,1,-1.0
2016-08-15,2016-08-15,0.11692,-1,-1.0
2016-08-16,2016-08-16,0.11568,-1,-1.0
2016-08-17,2016-08-17,0.11553,-1,-1.0
2016-08-18,2016-08-18,0.11454,1,-1.0
2016-08-19,2016-08-19,0.11493,-1,-1.0
2016-08-22,2016-08-22,0.11445,-1,-1.0
2016-08-23,2016-08-23,0.1141,-1,-1.0
2016-08-24,2016-08-24,0.1135,1,-1.0
2016-08-25,2016-08-25,0.11387,1,-1.0
2016-08-26,2016-08-26,0.11408,0,-1.0
2016-08-29,2016-08-29,0.11413,1,-1.0
2016-08-30,2016-08-30,0.11444,-1,-1.0
2016-08-31,2016-08-31,0.11389,-1,-1.0
2016-09-01,2016-09-01,0.11286,-1,-1.0
2016-09-02,2016-09-02,0.11256,0,-1.0
2016-09-05,2016-09-05,0.11256,-1,-1.0
2016-09-06,2016-09-06,0.11158,1,-1.0
2016-09-07,2016-09-07,0.11251,1,-1.0
2016-09-08,2016-09-08,0.11279,1,-1.0
2016-09-09,2016-09-09,0.11298,-1,-1.0
2016-09-12,2016-09-12,0.1122,1,-1.0
2016-09-13,2016-09-13,0.11345,-1,-1.0
2016-09-14,2016-09-14,0.1131,0,-1.0
2016-09-15,2016-09-15,0.11311,1,-1.0
2016-09-16,2016-09-16,0.11525,-1,-1.0
2016-09-19,2016-09-19,0.11502,1,-1.0
2016-09-20,2016-09-20,0.11538,-1,-1.0
2016-09-21,2016-09-21,0.11495,-1,-1.0
2016-09-22,2016-09-22,0.1147,1,-1.0
2016-09-23,2016-09-23,0.1156,0,-1.0
2016-09-26,2016-09-26,0.11555,-1,-1.0
2016-09-27,2016-09-27,0.11509,0,-1.0
2016-09-28,2016-09-28,0.11505,1,-1.0
2016-09-29,2016-09-29,0.11561,-1,-1.0
2016-09-30,2016-09-30,0.11549,1,-1.0
2016-10-03,2016-10-03,0.11663,1,-1.0
2016-10-04,2016-10-04,0.1177,-1,-1.0
2016-10-05,2016-10-05,0.11753,1,-1.0
2016-10-06,2016-10-06,0.11885,1,-1.0
2016-10-07,2016-10-07,0.12051,0,-1.0
2016-10-10,2016-10-10,0.12056,1,-1.0
2016-10-11,2016-10-11,0.12293,-1,-1.0
2016-10-12,2016-10-12,0.12201,-1,-1.0
2016-10-13,2016-10-13,0.12137,1,-1.0
2016-10-14,2016-10-14,0.12207,-1,-1.0
2016-10-17,2016-10-17,0.12177,-1,-1.0
2016-10-18,2016-10-18,0.12058,0,-1.0
2016-10-19,2016-10-19,0.1207,1,-1.0
2016-10-20,2016-10-20,0.12096,-1,-1.0
2016-10-21,2016-10-21,0.12082,0,-1.0
2016-10-24,2016-10-24,0.12082,1,-1.0
2016-10-25,2016-10-25,0.12106,-1,-1.0
2016-10-26,2016-10-26,0.12068,1,-1.0
2016-10-27,2016-10-27,0.12121,-1,-1.0
2016-10-28,2016-10-28,0.121,-1,-1.0
2016-10-31,2016-10-31,0.12059,0,-1.0
2016-11-01,2016-11-01,0.12069,-1,-1.0
2016-11-02,2016-11-02,0.12028,-1,-1.0
2016-11-03,2016-11-03,0.1186,-1,-1.0
2016-11-04,2016-11-04,0.11823,1,-1.0
2016-11-07,2016-11-07,0.11902,0,-1.0
2016-11-08,2016-11-08,0.11907,-1,-1.0
2016-11-09,2016-11-09,0.11854,-1,-1.0
2016-11-10,2016-11-10,0.11723,-1,-1.0
2016-11-11,2016-11-11,0.11651,1,-1.0
2016-11-14,2016-11-14,0.11685,1,-1.0
2016-11-15,2016-11-15,0.11707,-1,-1.0
2016-11-16,2016-11-16,0.11675,1,-1.0
2016-11-17,2016-11-17,0.11716,1,-1.0
2016-11-18,2016-11-18,0.11754,-1,-1.0
2016-11-21,2016-11-21,0.11604,1,-1.0
2016-11-22,2016-11-22,0.11681,-1,-1.0
2016-11-23,2016-11-23,0.11621,-1,-1.0
2016-11-24,2016-11-24,0.11598,-1,-1.0
2016-11-25,2016-11-25,0.11581,1,-1.0
2016-11-28,2016-11-28,0.11658,-1,-1.0
2016-11-29,2016-11-29,0.11587,0,-1.0
2016-11-30,2016-11-30,0.11598,-1,-1.0
2016-12-01,2016-12-01,0.11531,-1,-1.0
2016-12-02,2016-12-02,0.11407,0,-1.0
2016-12-05,2016-12-05,0.1141,1,-1.0
2016-12-06,2016-12-06,0.11453,1,-1.0
2016-12-07,2016-12-07,0.11514,1,-1.0
2016-12-08,2016-12-08,0.1156,-1,-1.0
2016-12-09,2016-12-09,0.11511,-1,-1.0
2016-12-12,2016-12-12,0.1141,1,-1.0
2016-12-13,2016-12-13,0.1144,1,-1.0
2016-12-14,2016-12-14,0.1154,1,-1.0
2016-12-15,2016-12-15,0.11583,-1,-1.0
2016-12-16,2016-12-16,0.11505,1,-1.0
2016-12-19,2016-12-19,0.11606,1,-1.0
2016-12-20,2016-12-20,0.11622,1,-1.0
2016-12-21,2016-12-21,0.11654,1,-1.0
2016-12-22,2016-12-22,0.11708,0,-1.0
2016-12-23,2016-12-23,0.11715,0,-1.0
2016-12-26,2016-12-26,0.11725,0,-1.0
2016-12-27,2016-12-27,0.11722,1,-1.0
2016-12-28,2016-12-28,0.11747,-1,-1.0
2016-12-29,2016-12-29,0.11719,-1,-1.0
2016-12-30,2016-12-30,0.1168,1,-1.0
2017-01-02,2017-01-02,0.11724,0,-1.0
2017-01-03,2017-01-03,0.11728,-1,-1.0
2017-01-04,2017-01-04,0.11702,-1,-1.0
2017-01-05,2017-01-05,0.11687,1,-1.0
2017-01-06,2017-01-06,0.11759,1,-1.0
2017-01-09,2017-01-09,0.11841,1,-1.0
2017-01-10,2017-01-10,0.11863,-1,-1.0
2017-01-11,2017-01-11,0.11806,1,-1.0
2017-01-12,2017-01-12,0.11933,-1,-1.0
2017-01-13,2017-01-13,0.11893,1,-1.0
2017-01-16,2017-01-16,0.1205,-1,-1.0
2017-01-17,2017-01-17,0.11762,1,-1.0
2017-01-18,2017-01-18,0.11923,-1,-1.0
2017-01-19,2017-01-19,0.11793,-1,-1.0
2017-01-20,2017-01-20,0.11754,-1,-1.0
2017-01-23,2017-01-23,0.11641,0,-1.0
2017-01-24,2017-01-24,0.11635,-1,-1.0
2017-01-25,2017-01-25,0.11495,1,-1.0
2017-01-26,2017-01-26,0.11542,1,-1.0
2017-01-27,2017-01-27,0.11584,1,-1.0
2017-01-30,2017-01-30,0.11626,-1,-1.0
2017-01-31,2017-01-31,0.11555,-1,-1.0
2017-02-01,2017-02-01,0.11483,1,-1.0
2017-02-02,2017-02-02,0.11598,1,-1.0
2017-02-03,2017-02-03,0.1166,1,-1.0
2017-02-06,2017-02-06,0.11681,-1,-1.0
2017-02-07,2017-02-07,0.11609,0,-1.0
2017-02-08,2017-02-08,0.11615,1,-1.0
2017-02-09,2017-02-09,0.11648,0,-1.0
2017-02-10,2017-02-10,0.11638,-1,-1.0
2017-02-13,2017-02-13,0.11602,1,-1.0
2017-02-14,2017-02-14,0.11673,0,-1.0
2017-02-15,2017-02-15,0.11674,0,-1.0
2017-02-16,2017-02-16,0.11678,1,-1.0
2017-02-17,2017-02-17,0.11728,-1,-1.0
2017-02-20,2017-02-20,0.11663,-1,-1.0
2017-02-21,2017-02-21,0.11642,1,-1.0
2017-02-22,2017-02-22,0.11669,-1,-1.0
2017-02-23,2017-02-23,0.11594,1,-1.0
2017-02-24,2017-02-24,0.11684,1,-1.0
2017-02-27,2017-02-27,0.11702,1,-1.0
2017-02-28,2017-02-28,0.1176,1,-1.0
2017-03-01,2017-03-01,0.11811,1,-1.0
2017-03-02,2017-03-02,0.11826,-1,-1.0
2017-03-03,2017-03-03,0.1179,1,-1.0
2017-03-06,2017-03-06,0.11842,1,-1.0
2017-03-07,2017-03-07,0.11866,1,-1.0
2017-03-08,2017-03-08,0.11882,0,-1.0
2017-03-09,2017-03-09,0.1189,0,-1.0
2017-03-10,2017-03-10,0.11901,-1,-1.0
2017-03-13,2017-03-13,0.11841,1,-1.0
2017-03-14,2017-03-14,0.11897,-1,-1.0
2017-03-15,2017-03-15,0.11765,-1,-1.0
2017-03-16,2017-03-16,0.11735,-1,-1.0
2017-03-17,2017-03-17,0.11683,1,-1.0
2017-03-20,2017-03-20,0.11708,-1,-1.0
2017-03-21,2017-03-21,0.11627,1,-1.0
2017-03-22,2017-03-22,0.11647,-1,-1.0
2017-03-23,2017-03-23,0.11594,1,-1.0
2017-03-24,2017-03-24,0.11648,-1,-1.0
2017-03-27,2017-03-27,0.11586,1,-1.0
2017-03-28,2017-03-28,0.11666,0,-1.0
2017-03-29,2017-03-29,0.11663,-1,-1.0
2017-03-30,2017-03-30,0.11636,-1,-1.0
2017-03-31,2017-03-31,0.11575,1,-1.0
2017-04-03,2017-04-03,0.11632,1,-1.0
2017-04-04,2017-04-04,0.11677,-1,-1.0
2017-04-05,2017-04-05,0.11615,1,-1.0
2017-04-06,2017-04-06,0.11628,1,-1.0
2017-04-07,2017-04-07,0.1171,-1,-1.0
2017-04-10,2017-04-10,0.11667,-1,-1.0
2017-04-11,2017-04-11,0.11618,-1,-1.0
2017-04-12,2017-04-12,0.11568,1,-1.0
2017-04-13,2017-04-13,0.11606,-1,-1.0
2017-04-14,2017-04-14,0.11589,-1,-1.0
2017-04-17,2017-04-17,0.11562,-1,-1.0
2017-04-18,2017-04-18,0.11314,1,-1.0
2017-04-19,2017-04-19,0.11353,0,-1.0
2017-04-20,2017-04-20,0.11347,-1,-1.0
2017-04-21,2017-04-21,0.11331,1,-1.0
2017-04-24,2017-04-24,0.11355,-1,-1.0
2017-04-25,2017-04-25,0.11316,-1,-1.0
2017-04-26,2017-04-26,0.11284,-1,-1.0
2017-04-27,2017-04-27,0.11235,-1,-1.0
2017-04-28,2017-04-28,0.11199,1,-1.0
2017-05-01,2017-05-01,0.11252,-1,-1.0
2017-05-02,2017-05-02,0.11207,1,-1.0
2017-05-03,2017-05-03,0.11261,-1,-1.0
2017-05-04,2017-05-04,0.11218,-1,-1.0
2017-05-05,2017-05-05,0.1115,1,-1.0
2017-05-08,2017-05-08,0.11188,-1,-1.0
2017-05-09,2017-05-09,0.11176,1,-1.0
2017-05-10,2017-05-10,0.11199,1,-1.0
2017-05-11,2017-05-11,0.11233,1,-1.0
2017-05-12,2017-05-12,0.11245,0,-1.0
2017-05-15,2017-05-15,0.11245,0,-1.0
2017-05-16,2017-05-16,0.11236,-1,-1.0
2017-05-17,2017-05-17,0.11206,0,-1.0
2017-05-18,2017-05-18,0.1121,-1,-1.0
2017-05-19,2017-05-19,0.11144,1,-1.0
2017-05-22,2017-05-22,0.11175,1,-1.0
2017-05-23,2017-05-23,0.11193,0,-1.0
2017-05-24,2017-05-24,0.11187,1,-1.0
2017-05-25,2017-05-25,0.1125,1,-1.0
2017-05-26,2017-05-26,0.11395,-1,-1.0
2017-05-29,2017-05-29,0.1136,1,-1.0
2017-05-30,2017-05-30,0.11386,1,-1.0
2017-05-31,2017-05-31,0.11402,0,-1.0
2017-06-01,2017-06-01,0.11402,0,-1.0
2017-06-02,2017-06-02,0.11392,0,-1.0
2017-06-05,2017-06-05,0.11382,1,-1.0
2017-06-06,2017-06-06,0.11395,-1,-1.0
2017-06-07,2017-06-07,0.11355,1,-1.0
2017-06-08,2017-06-08,0.1148,1,-1.0
2017-06-09,2017-06-09,0.1154,1,-1.0
2017-06-12,2017-06-12,0.11605,-1,-1.0
2017-06-13,2017-06-13,0.11531,1,-1.0
2017-06-14,2017-06-14,0.11549,-1,-1.0
2017-06-15,2017-06-15,0.11515,-1,-1.0
2017-06-16,2017-06-16,0.11485,1,-1.0
2017-06-19,2017-06-19,0.11509,1,-1.0
2017-06-20,2017-06-20,0.11594,-1,-1.0
2017-06-21,2017-06-21,0.11551,-1,-1.0
2017-06-22,2017-06-22,0.11533,-1,-1.0
2017-06-23,2017-06-23,0.115,0,-1.0
2017-06-26,2017-06-26,0.1149,-1,-1.0
2017-06-27,2017-06-27,0.11449,-1,-1.0
2017-06-28,2017-06-28,0.11367,-1,-1.0
2017-06-29,2017-06-29,0.11324,0,-1.0
2017-06-30,2017-06-30,0.11318,1,-1.0
2017-07-03,2017-07-03,0.11361,1,-1.0
2017-07-04,2017-07-04,0.11376,-1,-1.0
2017-07-05,2017-07-05,0.11364,-1,-1.0
2017-07-06,2017-07-06,0.11328,1,-1.0
2017-07-07,2017-07-07,0.11403,0,-1.0
2017-07-10,2017-07-10,0.11409,1,-1.0
2017-07-11,2017-07-11,0.11437,0,-1.0
2017-07-12,2017-07-12,0.11427,-1,-1.0
2017-07-13,2017-07-13,0.11387,-1,-1.0
2017-07-14,2017-07-14,0.1126,1,-1.0
2017-07-17,2017-07-17,0.11311,1,-1.0
2017-07-18,2017-07-18,0.11366,0,-1.0
2017-07-19,2017-07-19,0.11364,1,-1.0
2017-07-20,2017-07-20,0.11405,-1,-1.0
2017-07-21,2017-07-21,0.11367,0,-1.0
2017-07-24,2017-07-24,0.11367,0,-1.0
2017-07-25,2017-07-25,0.11367,-1,-1.0
2017-07-26,2017-07-26,0.11282,1,-1.0
2017-07-27,2017-07-27,0.11348,-1,-1.0
2017-07-28,2017-07-28,0.11298,-1,-1.0
2017-07-31,2017-07-31,0.11252,1,-1.0
2017-08-01,2017-08-01,0.11266,-1,-1.0
2017-08-02,2017-08-02,0.11248,1,-1.0
2017-08-03,2017-08-03,0.11329,1,-1.0
2017-08-04,2017-08-04,0.11396,1,-1.0
2017-08-07,2017-08-07,0.1141,1,-1.0
2017-08-08,2017-08-08,0.11473,1,-1.0
2017-08-09,2017-08-09,0.11518,1,-1.0
2017-08-10,2017-08-10,0.1159,-1,-1.0
2017-08-11,2017-08-11,0.11531,1,-1.0
2017-08-14,2017-08-14,0.11562,1,-1.0
2017-08-15,2017-08-15,0.11618,-1,-1.0
2017-08-16,2017-08-16,0.1159,1,-1.0
2017-08-17,2017-08-17,0.11637,0,-1.0
2017-08-18,2017-08-18,0.11639,0,-1.0
2017-08-21,2017-08-21,0.1163,1,-1.0
2017-08-22,2017-08-22,0.11703,1,-1.0
2017-08-23,2017-08-23,0.11727,0,-1.0
2017-08-24,2017-08-24,0.11722,-1,-1.0
2017-08-25,2017-08-25,0.11676,1,-1.0
2017-08-28,2017-08-28,0.117,1,-1.0
2017-08-29,2017-08-29,0.11725,0,-1.0
2017-08-30,2017-08-30,0.11729,0,-1.0
2017-08-31,2017-08-31,0.11729,1,-1.0
2017-09-01,2017-09-01,0.11772,1,-1.0
2017-09-04,2017-09-04,0.11845,-1,-1.0
2017-09-05,2017-09-05,0.11729,1,-1.0
2017-09-06,2017-09-06,0.11748,1,-1.0
2017-09-07,2017-09-07,0.11772,-1,-1.0
2017-09-08,2017-09-08,0.11692,-1,-1.0
2017-09-11,2017-09-11,0.11626,-1,-1.0
2017-09-12,2017-09-12,0.11511,1,-1.0
2017-09-13,2017-09-13,0.11566,-1,-1.0
2017-09-14,2017-09-14,0.11379,-1,-1.0
2017-09-15,2017-09-15,0.11214,1,-1.0
2017-09-18,2017-09-18,0.11258,-1,-1.0
2017-09-19,2017-09-19,0.11242,1,-1.0
2017-09-20,2017-09-20,0.11259,-1,-1.0
2017-09-21,2017-09-21,0.11177,1,-1.0
2017-09-22,2017-09-22,0.11251,-1,-1.0
2017-09-25,2017-09-25,0.11206,-1,-1.0
2017-09-26,2017-09-26,0.1119,1,-1.0
2017-09-27,2017-09-27,0.11238,-1,-1.0
2017-09-28,2017-09-28,0.1117,1,-1.0
2017-09-29,2017-09-29,0.11207,1,-1.0
2017-10-02,2017-10-02,0.11313,1,-1.0
2017-10-03,2017-10-03,0.11346,0,-1.0
2017-10-04,2017-10-04,0.11344,1,-1.0
2017-10-05,2017-10-05,0.11452,1,-1.0
2017-10-06,2017-10-06,0.11494,-1,-1.0
2017-10-09,2017-10-09,0.11482,1,-1.0
2017-10-10,2017-10-10,0.11515,-1,-1.0
2017-10-11,2017-10-11,0.11472,-1,-1.0
2017-10-12,2017-10-12,0.11437,0,-1.0
2017-10-13,2017-10-13,0.11435,1,-1.0
2017-10-16,2017-10-16,0.11447,0,-1.0
2017-10-17,2017-10-17,0.11443,-1,-1.0
2017-10-18,2017-10-18,0.11423,1,-1.0
2017-10-19,2017-10-19,0.1149,-1,-1.0
2017-10-20,2017-10-20,0.11454,-1,-1.0
2017-10-23,2017-10-23,0.11404,1,-1.0
2017-10-24,2017-10-24,0.11473,-1,-1.0
2017-10-25,2017-10-25,0.11361,1,-1.0
2017-10-26,2017-10-26,0.11458,0,-1.0
2017-10-27,2017-10-27,0.11449,-1,-1.0
2017-10-30,2017-10-30,0.11392,-1,-1.0
2017-10-31,2017-10-31,0.11342,1,-1.0
2017-11-01,2017-11-01,0.11426,1,-1.0
2017-11-02,2017-11-02,0.11584,-1,-1.0
2017-11-03,2017-11-03,0.11517,-1,-1.0
2017-11-06,2017-11-06,0.11439,0,-1.0
2017-11-07,2017-11-07,0.11433,1,-1.0
2017-11-08,2017-11-08,0.11503,-1,-1.0
2017-11-09,2017-11-09,0.11452,-1,-1.0
2017-11-10,2017-11-10,0.11412,1,-1.0
2017-11-13,2017-11-13,0.11481,-1,-1.0
2017-11-14,2017-11-14,0.11445,1,-1.0
2017-11-15,2017-11-15,0.11464,-1,-1.0
2017-11-16,2017-11-16,0.11431,-1,-1.0
2017-11-17,2017-11-17,0.11418,-1,-1.0
2017-11-20,2017-11-20,0.11389,0,-1.0
2017-11-21,2017-11-21,0.11384,-1,-1.0
2017-11-22,2017-11-22,0.11352,1,-1.0
2017-11-23,2017-11-23,0.11407,-1,-1.0
2017-11-24,2017-11-24,0.11363,0,-1.0
2017-11-27,2017-11-27,0.11372,-1,-1.0
2017-11-28,2017-11-28,0.11336,-1,-1.0
2017-11-29,2017-11-29,0.11262,-1,-1.0
2017-11-30,2017-11-30,0.1119,1,-1.0
2017-12-01,2017-12-01,0.11218,-1,-1.0
2017-12-04,2017-12-04,0.11206,1,-1.0
2017-12-05,2017-12-05,0.1124,1,-1.0
2017-12-06,2017-12-06,0.11295,-1,-1.0
2017-12-07,2017-12-07,0.11208,1,-1.0
2017-12-08,2017-12-08,0.11279,1,-1.0
2017-12-11,2017-12-11,0.1132,1,-1.0
2017-12-12,2017-12-12,0.11336,-1,-1.0
2017-12-13,2017-12-13,0.11261,0,-1.0
2017-12-14,2017-12-14,0.11259,1,-1.0
2017-12-15,2017-12-15,0.11354,-1,-1.0
2017-12-18,2017-12-18,0.11289,1,-1.0
2017-12-19,2017-12-19,0.11305,1,-1.0
2017-12-20,2017-12-20,0.11364,-1,-1.0
2017-12-21,2017-12-21,0.11343,1,-1.0
2017-12-22,2017-12-22,0.11377,1,-1.0
2017-12-25,2017-12-25,0.11432,0,-1.0
2017-12-26,2017-12-26,0.11422,-1,-1.0
2017-12-27,2017-12-27,0.11377,1,-1.0
2017-12-28,2017-12-28,0.11393,-1,-1.0
2017-12-29,2017-12-29,0.11377,0,-1.0
2018-01-01,2018-01-01,0.11368,-1,-1.0
2018-01-02,2018-01-02,0.11329,1,-1.0
2018-01-03,2018-01-03,0.11376,-1,-1.0
2018-01-04,2018-01-04,0.11362,0,-1.0
2018-01-05,2018-01-05,0.11355,-1,-1.0
2018-01-08,2018-01-08,0.11334,-1,-1.0
2018-01-09,2018-01-09,0.1131,1,-1.0
2018-01-10,2018-01-10,0.11375,-1,-1.0
2018-01-11,2018-01-11,0.11346,-1,-1.0
2018-01-12,2018-01-12,0.1127,-1,-1.0
2018-01-15,2018-01-15,0.11257,0,-1.0
2018-01-16,2018-01-16,0.11248,0,-1.0
2018-01-17,2018-01-17,0.11251,-1,-1.0
2018-01-18,2018-01-18,0.1121,1,-1.0
2018-01-19,2018-01-19,0.11273,-1,-1.0
2018-01-22,2018-01-22,0.11162,-1,-1.0
2018-01-23,2018-01-23,0.11148,-1,-1.0
2018-01-24,2018-01-24,0.11041,1,-1.0
2018-01-25,2018-01-25,0.11202,-1,-1.0
2018-01-26,2018-01-26,0.11172,1,-1.0
2018-01-29,2018-01-29,0.11204,-1,-1.0
2018-01-30,2018-01-30,0.11177,1,-1.0
2018-01-31,2018-01-31,0.11203,-1,-1.0
2018-02-01,2018-02-01,0.11129,1,-1.0
2018-02-02,2018-02-02,0.11237,1,-1.0
2018-02-05,2018-02-05,0.11372,1,-1.0
2018-02-06,2018-02-06,0.11401,1,-1.0
2018-02-07,2018-02-07,0.11479,-1,-1.0
2018-02-08,2018-02-08,0.11357,1,-1.0
2018-02-09,2018-02-09,0.11478,-1,-1.0
2018-02-12,2018-02-12,0.11421,-1,-1.0
2018-02-13,2018-02-13,0.11357,-1,-1.0
2018-02-14,2018-02-14,0.1125,-1,-1.0
2018-02-15,2018-02-15,0.11179,1,-1.0
2018-02-16,2018-02-16,0.11232,1,-1.0
2018-02-19,2018-02-19,0.11255,0,-1.0
2018-02-20,2018-02-20,0.11257,1,-1.0
2018-02-21,2018-02-21,0.11327,-1,-1.0
2018-02-22,2018-02-22,0.11282,1,-1.0
2018-02-23,2018-02-23,0.11301,1,-1.0
2018-02-26,2018-02-26,0.11332,1,-1.0
2018-02-27,2018-02-27,0.11377,1,-1.0
2018-02-28,2018-02-28,0.11479,-1,-1.0
2018-03-01,2018-03-01,0.11412,0,-1.0
2018-03-02,2018-03-02,0.11417,-1,-1.0
2018-03-05,2018-03-05,0.11371,1,-1.0
2018-03-06,2018-03-06,0.11396,-1,-1.0
2018-03-07,2018-03-07,0.1137,1,-1.0
2018-03-08,2018-03-08,0.11408,0,-1.0
2018-03-09,2018-03-09,0.11405,-1,-1.0
2018-03-12,2018-03-12,0.11361,-1,-1.0
2018-03-13,2018-03-13,0.11327,0,-1.0
2018-03-14,2018-03-14,0.11336,0,-1.0
2018-03-15,2018-03-15,0.11343,-1,-1.0
2018-03-16,2018-03-16,0.11323,-1,-1.0
2018-03-19,2018-03-19,0.11261,0,-1.0
2018-03-20,2018-03-20,0.11272,-1,-1.0
2018-03-21,2018-03-21,0.1118,0,-1.0
2018-03-22,2018-03-22,0.11183,1,-1.0
2018-03-23,2018-03-23,0.11203,0,-1.0
2018-03-26,2018-03-26,0.11202,1,-1.0
2018-03-27,2018-03-27,0.11239,1,-1.0
2018-03-28,2018-03-28,0.11278,1,-1.0
2018-03-29,2018-03-29,0.11332,1,-1.0
2018-03-30,2018-03-30,0.11369,-1,-1.0
2018-04-02,2018-04-02,0.11332,-1,-1.0
2018-04-03,2018-04-03,0.11302,-1,-1.0
2018-04-04,2018-04-04,0.11256,1,-1.0
2018-04-05,2018-04-05,0.11321,-1,-1.0
2018-04-06,2018-04-06,0.11252,-1,-1.0
2018-04-09,2018-04-09,0.11218,0,-1.0
2018-04-10,2018-04-10,0.11225,1,-1.0
2018-04-11,2018-04-11,0.11248,-1,-1.0
2018-04-12,2018-04-12,0.1117,1,-1.0
2018-04-13,2018-04-13,0.11192,-1,-1.0
2018-04-16,2018-04-16,0.11109,1,-1.0
2018-04-17,2018-04-17,0.11133,1,-1.0
2018-04-18,2018-04-18,0.11216,1,-1.0
2018-04-19,2018-04-19,0.11301,1,-1.0
2018-04-20,2018-04-20,0.11343,0,-1.0
2018-04-23,2018-04-23,0.11353,0,-1.0
2018-04-24,2018-04-24,0.11342,0,-1.0
2018-04-25,2018-04-25,0.1134,0,-1.0
2018-04-26,2018-04-26,0.11338,1,-1.0
2018-04-27,2018-04-27,0.11454,0,-1.0
2018-04-30,2018-04-30,0.11464,1,-1.0
2018-05-01,2018-05-01,0.11594,-1,-1.0
2018-05-02,2018-05-02,0.11574,1,-1.0
2018-05-03,2018-05-03,0.11595,1,-1.0
2018-05-04,2018-05-04,0.11616,-1,-1.0
2018-05-07,2018-05-07,0.11579,0,-1.0
2018-05-08,2018-05-08,0.11581,1,-1.0
2018-05-09,2018-05-09,0.11601,1,-1.0
2018-05-10,2018-05-10,0.11655,0,-1.0
2018-05-11,2018-05-11,0.11652,-1,-1.0
2018-05-14,2018-05-14,0.11631,-1,-1.0
2018-05-15,2018-05-15,0.11604,0,-1.0
2018-05-16,2018-05-16,0.11599,1,-1.0
2018-05-17,2018-05-17,0.11619,1,-1.0
2018-05-18,2018-05-18,0.11638,1,-1.0
2018-05-21,2018-05-21,0.11659,1,-1.0
2018-05-22,2018-05-22,0.11685,1,-1.0
2018-05-23,2018-05-23,0.11714,0,-1.0
2018-05-24,2018-05-24,0.11708,1,-1.0
2018-05-25,2018-05-25,0.11752,-1,-1.0
2018-05-28,2018-05-28,0.11738,1,-1.0
2018-05-29,2018-05-29,0.11752,-1,-1.0
2018-05-30,2018-05-30,0.11722,0,-1.0
2018-05-31,2018-05-31,0.11725,-1,-1.0
2018-06-01,2018-06-01,0.11669,1,-1.0
2018-06-04,2018-06-04,0.11719,-1,-1.0
2018-06-05,2018-06-05,0.11642,1,-1.0
2018-06-06,2018-06-06,0.11665,-1,-1.0
2018-06-07,2018-06-07,0.11653,0,-1.0
2018-06-08,2018-06-08,0.11647,1,-1.0
2018-06-11,2018-06-11,0.11675,0,-1.0
2018-06-12,2018-06-12,0.11683,0,-1.0
2018-06-13,2018-06-13,0.1168,1,-1.0
2018-06-14,2018-06-14,0.1178,-1,-1.0
2018-06-15,2018-06-15,0.11687,1,-1.0
2018-06-18,2018-06-18,0.11719,0,-1.0
2018-06-19,2018-06-19,0.1171,1,-1.0
2018-06-20,2018-06-20,0.11725,-1,-1.0
2018-06-21,2018-06-21,0.11628,-1,-1.0
2018-06-22,2018-06-22,0.11591,-1,-1.0
2018-06-25,2018-06-25,0.11509,-1,-1.0
2018-06-26,2018-06-26,0.11495,1,-1.0
2018-06-27,2018-06-27,0.11544,0,-1.0
2018-06-28,2018-06-28,0.1154,-1,-1.0
2018-06-29,2018-06-29,0.11436,-1,-1.0
2018-07-02,2018-07-02,0.11416,0,-1.0
2018-07-03,2018-07-03,0.11407,-1,-1.0
2018-07-04,2018-07-04,0.11395,0,-1.0
2018-07-05,2018-07-05,0.11394,-1,-1.0
2018-07-06,2018-07-06,0.11335,1,-1.0
2018-07-09,2018-07-09,0.11407,-1,-1.0
2018-07-10,2018-07-10,0.11371,-1,-1.0
2018-07-11,2018-07-11,0.11336,1,-1.0
2018-07-12,2018-07-12,0.1138,-1,-1.0
2018-07-13,2018-07-13,0.11289,0,-1.0
2018-07-16,2018-07-16,0.1129,1,-1.0
2018-07-17,2018-07-17,0.11374,0,-1.0
2018-07-18,2018-07-18,0.11377,-1,-1.0
2018-07-19,2018-07-19,0.11343,-1,-1.0
2018-07-20,2018-07-20,0.11248,-1,-1.0
2018-07-23,2018-07-23,0.1123,-1,-1.0
2018-07-24,2018-07-24,0.11195,0,-1.0
2018-07-25,2018-07-25,0.11198,1,-1.0
2018-07-26,2018-07-26,0.11228,-1,-1.0
2018-07-27,2018-07-27,0.11202,-1,-1.0
2018-07-30,2018-07-30,0.11174,1,-1.0
2018-07-31,2018-07-31,0.11195,-1,-1.0
2018-08-01,2018-08-01,0.11172,1,-1.0
2018-08-02,2018-08-02,0.1123,1,-1.0
2018-08-03,2018-08-03,0.11255,1,-1.0
2018-08-06,2018-08-06,0.11268,1,-1.0
2018-08-07,2018-08-07,0.11308,1,-1.0
2018-08-08,2018-08-08,0.11349,1,-1.0
2018-08-09,2018-08-09,0.11421,0,-1.0
2018-08-10,2018-08-10,0.11432,-1,-1.0
2018-08-13,2018-08-13,0.11364,1,-1.0
2018-08-14,2018-08-14,0.11413,-1,-1.0
2018-08-15,2018-08-15,0.11351,1,-1.0
2018-08-16,2018-08-16,0.11427,-1,-1.0
2018-08-17,2018-08-17,0.11398,0,-1.0
2018-08-20,2018-08-20,0.11395,-1,-1.0
2018-08-21,2018-08-21,0.11316,0,-1.0
2018-08-22,2018-08-22,0.11312,1,-1.0
2018-08-23,2018-08-23,0.11343,1,-1.0
2018-08-24,2018-08-24,0.11434,-1,-1.0
2018-08-27,2018-08-27,0.11373,1,-1.0
2018-08-28,2018-08-28,0.11416,-1,-1.0
2018-08-29,2018-08-29,0.11248,-1,-1.0
2018-08-30,2018-08-30,0.11222,1,-1.0
2018-08-31,2018-08-31,0.11294,1,-1.0
2018-09-03,2018-09-03,0.11384,-1,-1.0
2018-09-04,2018-09-04,0.11362,-1,-1.0
2018-09-05,2018-09-05,0.11333,-1,-1.0
2018-09-06,2018-09-06,0.11311,0,-1.0
2018-09-07,2018-09-07,0.11307,-1,-1.0
2018-09-10,2018-09-10,0.11191,-1,-1.0
2018-09-11,2018-09-11,0.11173,0,-1.0
2018-09-12,2018-09-12,0.1118,-1,-1.0
2018-09-13,2018-09-13,0.11142,0,-1.0
2018-09-14,2018-09-14,0.11136,-1,-1.0
2018-09-17,2018-09-17,0.11087,-1,-1.0
2018-09-18,2018-09-18,0.11064,1,-1.0
2018-09-19,2018-09-19,0.11109,-1,-1.0
2018-09-20,2018-09-20,0.11002,1,-1.0
2018-09-21,2018-09-21,0.11155,-1,-1.0
2018-09-24,2018-09-24,0.11116,-1,-1.0
2018-09-25,2018-09-25,0.11044,0,-1.0
2018-09-26,2018-09-26,0.11036,1,-1.0
2018-09-27,2018-09-27,0.11097,1,-1.0
2018-09-28,2018-09-28,0.11169,0,-1.0
2018-10-01,2018-10-01,0.1116,1,-1.0
2018-10-02,2018-10-02,0.11211,1,-1.0
2018-10-03,2018-10-03,0.11238,-1,-1.0
2018-10-04,2018-10-04,0.11174,-1,-1.0
2018-10-05,2018-10-05,0.11093,-1,-1.0
2018-10-08,2018-10-08,0.11018,-1,-1.0
2018-10-09,2018-10-09,0.10987,-1,-1.0
2018-10-10,2018-10-10,0.10935,1,-1.0
2018-10-11,2018-10-11,0.10964,1,-1.0
2018-10-12,2018-10-12,0.10979,1,-1.0
2018-10-15,2018-10-15,0.1099,-1,-1.0
2018-10-16,2018-10-16,0.10969,1,-1.0
2018-10-17,2018-10-17,0.11011,1,-1.0
2018-10-18,2018-10-18,0.11067,-1,-1.0
2018-10-19,2018-10-19,0.11038,1,-1.0
2018-10-22,2018-10-22,0.11099,0,-1.0
2018-10-23,2018-10-23,0.11096,1,-1.0
2018-10-24,2018-10-24,0.11172,1,-1.0
2018-10-25,2018-10-25,0.1122,0,-1.0
2018-10-26,2018-10-26,0.11224,0,-1.0
2018-10-29,2018-10-29,0.11219,1,-1.0
2018-10-30,2018-10-30,0.11293,-1,-1.0
2018-10-31,2018-10-31,0.11219,-1,-1.0
2018-11-01,2018-11-01,0.11112,1,-1.0
2018-11-02,2018-11-02,0.11183,-1,-1.0
2018-11-05,2018-11-05,0.11049,-1,-1.0
2018-11-06,2018-11-06,0.11035,-1,-1.0
2018-11-07,2018-11-07,0.11001,1,-1.0
2018-11-08,2018-11-08,0.11029,1,-1.0
2018-11-09,2018-11-09,0.11075,1,-1.0
2018-11-12,2018-11-12,0.11169,-1,-1.0
2018-11-13,2018-11-13,0.11036,1,-1.0
2018-11-14,2018-11-14,0.11064,1,-1.0
2018-11-15,2018-11-15,0.11279,-1,-1.0
2018-11-16,2018-11-16,0.11229,-1,-1.0
2018-11-19,2018-11-19,0.1119,1,-1.0
2018-11-20,2018-11-20,0.11252,1,-1.0
2018-11-21,2018-11-21,0.11298,-1,-1.0
2018-11-22,2018-11-22,0.11196,1,-1.0
2018-11-23,2018-11-23,0.1122,1,-1.0
2018-11-26,2018-11-26,0.1124,1,-1.0
2018-11-27,2018-11-27,0.11291,-1,-1.0
2018-11-28,2018-11-28,0.11207,1,-1.0
2018-11-29,2018-11-29,0.11264,1,-1.0
2018-11-30,2018-11-30,0.11278,1,-1.0
2018-12-03,2018-12-03,0.11416,1,-1.0
2018-12-04,2018-12-04,0.11501,-1,-1.0
2018-12-05,2018-12-05,0.11448,-1,-1.0
2018-12-06,2018-12-06,0.11363,1,-1.0
2018-12-07,2018-12-07,0.1142,1,-1.0
2018-12-10,2018-12-10,0.11512,1,-1.0
2018-12-11,2018-12-11,0.116,-1,-1.0
2018-12-12,2018-12-12,0.11496,-1,-1.0
2018-12-13,2018-12-13,0.11474,1,-1.0
2018-12-14,2018-12-14,0.11495,0,-1.0
2018-12-17,2018-12-17,0.1149,-1,-1.0
2018-12-18,2018-12-18,0.11466,1,-1.0
2018-12-19,2018-12-19,0.11493,-1,-1.0
2018-12-20,2018-12-20,0.11468,0,-1.0
2018-12-21,2018-12-21,0.11458,-1,-1.0
2018-12-24,2018-12-24,0.11396,1,-1.0
2018-12-25,2018-12-25,0.11453,1,-1.0
2018-12-26,2018-12-26,0.11488,1,-1.0
2018-12-27,2018-12-27,0.1151,-1,-1.0
2018-12-28,2018-12-28,0.11447,-1,-1.0
2018-12-31,2018-12-31,0.11397,1,-1.0
2019-01-01,2019-01-01,0.1141,1,-1.0
2019-01-02,2019-01-02,0.11659,-1,-1.0
2019-01-03,2019-01-03,0.11511,-1,-1.0
2019-01-04,2019-01-04,0.11442,-1,-1.0
2019-01-07,2019-01-07,0.11411,1,-1.0
2019-01-08,2019-01-08,0.11471,0,-1.0
2019-01-09,2019-01-09,0.11466,1,-1.0
2019-01-10,2019-01-10,0.11549,-1,-1.0
2019-01-11,2019-01-11,0.11516,-1,-1.0
2019-01-14,2019-01-14,0.11481,0,-1.0
2019-01-15,2019-01-15,0.11487,0,-1.0
2019-01-16,2019-01-16,0.11491,-1,-1.0
2019-01-17,2019-01-17,0.1136,1,-1.0
2019-01-18,2019-01-18,0.11456,-1,-1.0
2019-01-21,2019-01-21,0.114,-1,-1.0
2019-01-22,2019-01-22,0.11331,-1,-1.0
2019-01-23,2019-01-23,0.11256,1,-1.0
2019-01-24,2019-01-24,0.11268,-1,-1.0
2019-01-25,2019-01-25,0.11225,1,-1.0
2019-01-28,2019-01-28,0.1127,1,-1.0
2019-01-29,2019-01-29,0.11355,0,-1.0
2019-01-30,2019-01-30,0.11345,1,-1.0
2019-01-31,2019-01-31,0.11388,-1,-1.0
2019-02-01,2019-02-01,0.11334,1,-1.0
2019-02-04,2019-02-04,0.11365,1,-1.0
2019-02-05,2019-02-05,0.11442,1,-1.0
2019-02-06,2019-02-06,0.1146,-1,-1.0
2019-02-07,2019-02-07,0.11446,0,-1.0
2019-02-08,2019-02-08,0.11454,-1,-1.0
2019-02-11,2019-02-11,0.1144,0,-1.0
2019-02-12,2019-02-12,0.11444,1,-1.0
2019-02-13,2019-02-13,0.11512,1,-1.0
2019-02-14,2019-02-14,0.11535,-1,-1.0
2019-02-15,2019-02-15,0.11453,-1,-1.0
2019-02-18,2019-02-18,0.11431,-1,-1.0
2019-02-19,2019-02-19,0.11324,1,-1.0
2019-02-20,2019-02-20,0.11396,1,-1.0
2019-02-21,2019-02-21,0.1141,0,-1.0
2019-02-22,2019-02-22,0.11408,0,-1.0
2019-02-25,2019-02-25,0.11397,-1,-1.0
2019-02-26,2019-02-26,0.11256,-1,-1.0
2019-02-27,2019-02-27,0.11239,1,-1.0
2019-02-28,2019-02-28,0.11258,1,-1.0
2019-03-01,2019-03-01,0.11289,1,-1.0
2019-03-04,2019-03-04,0.11309,1,-1.0
2019-03-05,2019-03-05,0.1133,-1,-1.0
2019-03-06,2019-03-06,0.11307,1,-1.0
2019-03-07,2019-03-07,0.11379,1,-1.0
2019-03-08,2019-03-08,0.1143,-1,-1.0
2019-03-11,2019-03-11,0.11216,1,-1.0
2019-03-12,2019-03-12,0.11396,-1,-1.0
2019-03-13,2019-03-13,0.11191,1,-1.0
2019-03-14,2019-03-14,0.11219,-1,-1.0
2019-03-15,2019-03-15,0.11196,1,-1.0
2019-03-18,2019-03-18,0.11244,-1,-1.0
2019-03-19,2019-03-19,0.11222,1,-1.0
2019-03-20,2019-03-20,0.11321,1,-1.0
2019-03-21,2019-03-21,0.11365,-1,-1.0
2019-03-22,2019-03-22,0.1126,1,-1.0
2019-03-25,2019-03-25,0.11277,0,-1.0
2019-03-26,2019-03-26,0.11271,1,-1.0
2019-03-27,2019-03-27,0.1129,1,-1.0
2019-03-28,2019-03-28,0.11368,1,-1.0
2019-03-29,2019-03-29,0.11433,-1,-1.0
2019-04-01,2019-04-01,0.1141,-1,-1.0
2019-04-02,2019-04-02,0.11323,0,-1.0
2019-04-03,2019-04-03,0.11318,1,-1.0
2019-04-04,2019-04-04,0.11381,1,-1.0
2019-04-05,2019-04-05,0.11411,-1,-1.0
2019-04-08,2019-04-08,0.11395,0,-1.0
2019-04-09,2019-04-09,0.11406,-1,-1.0
2019-04-10,2019-04-10,0.11374,1,-1.0
2019-04-11,2019-04-11,0.11393,1,-1.0
2019-04-12,2019-04-12,0.11405,-1,-1.0
2019-04-15,2019-04-15,0.1138,1,-1.0
2019-04-16,2019-04-16,0.11411,1,-1.0
2019-04-17,2019-04-17,0.11463,0,-1.0
2019-04-18,2019-04-18,0.11472,0,-1.0
2019-04-19,2019-04-19,0.11473,0,-1.0
2019-04-22,2019-04-22,0.11472,1,-1.0
2019-04-23,2019-04-23,0.1149,1,-1.0
2019-04-24,2019-04-24,0.11524,-1,-1.0
2019-04-25,2019-04-25,0.11493,0,-1.0
2019-04-26,2019-04-26,0.11496,-1,-1.0
2019-04-29,2019-04-29,0.1148,-1,-1.0
2019-04-30,2019-04-30,0.11382,0,-1.0
2019-05-01,2019-05-01,0.11374,1,-1.0
2019-05-02,2019-05-02,0.1139,-1,-1.0
2019-05-03,2019-05-03,0.11266,1,-1.0
2019-05-06,2019-05-06,0.11291,0,-1.0
2019-05-07,2019-05-07,0.11283,1,-1.0
2019-05-08,2019-05-08,0.11329,-1,-1.0
2019-05-09,2019-05-09,0.11255,1,-1.0
2019-05-10,2019-05-10,0.1127,-1,-1.0
2019-05-13,2019-05-13,0.11223,1,-1.0
2019-05-14,2019-05-14,0.11262,1,-1.0
2019-05-15,2019-05-15,0.11318,1,-1.0
2019-05-16,2019-05-16,0.11347,0,-1.0
2019-05-17,2019-05-17,0.11358,0,-1.0
2019-05-20,2019-05-20,0.11362,1,-1.0
2019-05-21,2019-05-21,0.11401,1,-1.0
2019-05-22,2019-05-22,0.11433,0,-1.0
2019-05-23,2019-05-23,0.11425,-1,-1.0
2019-05-24,2019-05-24,0.11394,1,-1.0
2019-05-27,2019-05-27,0.11426,0,-1.0
2019-05-28,2019-05-28,0.11434,0,-1.0
2019-05-29,2019-05-29,0.11444,1,-1.0
2019-05-30,2019-05-30,0.11486,-1,-1.0
2019-05-31,2019-05-31,0.11464,-1,-1.0
2019-06-03,2019-06-03,0.11431,-1,-1.0
2019-06-04,2019-06-04,0.11396,0,-1.0
2019-06-05,2019-06-05,0.11401,0,-1.0
2019-06-06,2019-06-06,0.11395,-1,-1.0
2019-06-07,2019-06-07,0.11363,0,-1.0
2019-06-10,2019-06-10,0.11371,0,-1.0
2019-06-11,2019-06-11,0.11368,1,-1.0
2019-06-12,2019-06-12,0.11385,0,-1.0
2019-06-13,2019-06-13,0.11389,1,-1.0
2019-06-14,2019-06-14,0.11462,1,-1.0
2019-06-17,2019-06-17,0.1151,1,-1.0
2019-06-18,2019-06-18,0.11535,-1,-1.0
2019-06-19,2019-06-19,0.11458,1,-1.0
2019-06-20,2019-06-20,0.1148,-1,-1.0
2019-06-21,2019-06-21,0.11422,0,-1.0
2019-06-24,2019-06-24,0.1142,1,-1.0
2019-06-25,2019-06-25,0.11452,0,-1.0
2019-06-26,2019-06-26,0.1145,1,-1.0
2019-06-27,2019-06-27,0.11473,0,-1.0
2019-06-28,2019-06-28,0.11466,1,-1.0
2019-07-01,2019-07-01,0.11541,0,-1.0
2019-07-02,2019-07-02,0.11546,0,-1.0
2019-07-03,2019-07-03,0.11549,1,-1.0
2019-07-04,2019-07-04,0.11565,1,-1.0
2019-07-05,2019-07-05,0.11578,1,-1.0
2019-07-08,2019-07-08,0.11602,1,-1.0
2019-07-09,2019-07-09,0.11654,-1,-1.0
2019-07-10,2019-07-10,0.1163,-1,-1.0
2019-07-11,2019-07-11,0.11615,-1,-1.0
2019-07-12,2019-07-12,0.11556,1,-1.0
2019-07-15,2019-07-15,0.11611,1,-1.0
2019-07-16,2019-07-16,0.11715,-1,-1.0
2019-07-17,2019-07-17,0.11695,-1,-1.0
2019-07-18,2019-07-18,0.1158,1,-1.0
2019-07-19,2019-07-19,0.11619,1,-1.0
2019-07-22,2019-07-22,0.11643,1,-1.0
2019-07-23,2019-07-23,0.1168,-1,-1.0
2019-07-24,2019-07-24,0.1165,1,-1.0
2019-07-25,2019-07-25,0.11681,1,-1.0
2019-07-26,2019-07-26,0.11735,1,-1.0
2019-07-29,2019-07-29,0.11864,1,-1.0
2019-07-30,2019-07-30,0.11948,0,-1.0
2019-07-31,2019-07-31,0.11943,1,-1.0
2019-08-01,2019-08-01,0.11958,-1,-1.0
2019-08-02,2019-08-02,0.11843,-1,-1.0
2019-08-05,2019-08-05,0.11673,1,-1.0
2019-08-06,2019-08-06,0.1169,1,-1.0
2019-08-07,2019-08-07,0.11722,-1,-1.0
2019-08-08,2019-08-08,0.11688,1,-1.0
2019-08-09,2019-08-09,0.1176,-1,-1.0
2019-08-12,2019-08-12,0.11726,1,-1.0
2019-08-13,2019-08-13,0.11774,1,-1.0
2019-08-14,2019-08-14,0.11802,-1,-1.0
2019-08-15,2019-08-15,0.11762,-1,-1.0
2019-08-16,2019-08-16,0.11684,0,-1.0
2019-08-19,2019-08-19,0.11691,-1,-1.0
2019-08-20,2019-08-20,0.11637,1,-1.0
2019-08-21,2019-08-21,0.11669,-1,-1.0
2019-08-22,2019-08-22,0.11521,-1,-1.0
2019-08-23,2019-08-23,0.11479,-1,-1.0
2019-08-26,2019-08-26,0.11436,-1,-1.0
2019-08-27,2019-08-27,0.11356,1,-1.0
2019-08-28,2019-08-28,0.1142,1,-1.0
2019-08-29,2019-08-29,0.11484,0,-1.0
2019-08-30,2019-08-30,0.11489,1,-1.0
2019-09-02,2019-09-02,0.11551,-1,-1.0
2019-09-03,2019-09-03,0.11515,-1,-1.0
2019-09-04,2019-09-04,0.11428,-1,-1.0
2019-09-05,2019-09-05,0.11338,1,-1.0
2019-09-06,2019-09-06,0.11435,-1,-1.0
2019-09-09,2019-09-09,0.11368,0,-1.0
2019-09-10,2019-09-10,0.11373,1,-1.0
2019-09-11,2019-09-11,0.11394,1,-1.0
2019-09-12,2019-09-12,0.11446,-1,-1.0
2019-09-13,2019-09-13,0.11295,1,-1.0
2019-09-16,2019-09-16,0.11385,-1,-1.0
2019-09-17,2019-09-17,0.11277,1,-1.0
2019-09-18,2019-09-18,0.11307,-1,-1.0
2019-09-19,2019-09-19,0.11248,1,-1.0
2019-09-20,2019-09-20,0.113,0,-1.0
2019-09-23,2019-09-23,0.11295,-1,-1.0
2019-09-24,2019-09-24,0.11244,1,-1.0
2019-09-25,2019-09-25,0.11341,1,-1.0
2019-09-26,2019-09-26,0.1137,1,-1.0
2019-09-27,2019-09-27,0.1142,-1,-1.0
2019-09-30,2019-09-30,0.11367,1,-1.0
2019-10-01,2019-10-01,0.11379,-1,-1.0
2019-10-02,2019-10-02,0.11366,-1,-1.0
2019-10-03,2019-10-03,0.11315,1,-1.0
2019-10-04,2019-10-04,0.11345,1,-1.0
2019-10-07,2019-10-07,0.11381,1,-1.0
2019-10-08,2019-10-08,0.11447,1,-1.0
2019-10-09,2019-10-09,0.11478,-1,-1.0
2019-10-10,2019-10-10,0.11291,-1,-1.0
2019-10-11,2019-10-11,0.11152,1,-1.0
2019-10-14,2019-10-14,0.11216,-1,-1.0
2019-10-15,2019-10-15,0.11058,-1,-1.0
2019-10-16,2019-10-16,0.10993,-1,-1.0
2019-10-17,2019-10-17,0.10967,-1,-1.0
2019-10-18,2019-10-18,0.1088,1,-1.0
2019-10-21,2019-10-21,0.10899,1,-1.0
2019-10-22,2019-10-22,0.10976,-1,-1.0
2019-10-23,2019-10-23,0.10957,1,-1.0
2019-10-24,2019-10-24,0.11004,1,-1.0
2019-10-25,2019-10-25,0.11029,-1,-1.0
2019-10-28,2019-10-28,0.11,0,-1.0
2019-10-29,2019-10-29,0.10996,-1,-1.0
2019-10-30,2019-10-30,0.1098,0,-1.0
2019-10-31,2019-10-31,0.1098,0,-1.0
2019-11-01,2019-11-01,0.10978,1,-1.0
2019-11-04,2019-11-04,0.11036,1,-1.0
2019-11-05,2019-11-05,0.11073,1,-1.0
2019-11-06,2019-11-06,0.11111,1,-1.0
2019-11-07,2019-11-07,0.1118,0,-1.0
2019-11-08,2019-11-08,0.11179,-1,-1.0
2019-11-11,2019-11-11,0.1109,0,-1.0
2019-11-12,2019-11-12,0.11101,-1,-1.0
2019-11-13,2019-11-13,0.11073,-1,-1.0
2019-11-14,2019-11-14,0.11053,0,-1.0
2019-11-15,2019-11-15,0.11054,-1,-1.0
2019-11-18,2019-11-18,0.10986,1,-1.0
2019-11-19,2019-11-19,0.11002,0,-1.0
2019-11-20,2019-11-20,0.10993,1,-1.0
2019-11-21,2019-11-21,0.11016,1,-1.0
2019-11-22,2019-11-22,0.11065,-1,-1.0
2019-11-25,2019-11-25,0.11013,1,-1.0
2019-11-26,2019-11-26,0.11049,-1,-1.0
2019-11-27,2019-11-27,0.10985,1,-1.0
2019-11-28,2019-11-28,0.11005,-1,-1.0
2019-11-29,2019-11-29,0.10991,-1,-1.0
2019-12-02,2019-12-02,0.1097,-1,-1.0
2019-12-03,2019-12-03,0.10891,-1,-1.0
2019-12-04,2019-12-04,0.10819,-1,-1.0
2019-12-05,2019-12-05,0.10781,1,-1.0
2019-12-06,2019-12-06,0.10815,0,-1.0
2019-12-09,2019-12-09,0.10807,1,-1.0
2019-12-10,2019-12-10,0.1083,-1,-1.0
2019-12-11,2019-12-11,0.1076,-1,-1.0
2019-12-12,2019-12-12,0.10602,1,-1.0
2019-12-13,2019-12-13,0.10737,0,-1.0
2019-12-16,2019-12-16,0.10743,1,-1.0
2019-12-17,2019-12-17,0.10881,1,-1.0
2019-12-18,2019-12-18,0.10908,1,-1.0
2019-12-19,2019-12-19,0.10961,1,-1.0
2019-12-20,2019-12-20,0.10974,1,-1.0
2019-12-23,2019-12-23,0.11015,1,-1.0
2019-12-24,2019-12-24,0.11029,1,-1.0
2019-12-25,2019-12-25,0.11042,-1,-1.0
2019-12-26,2019-12-26,0.10996,-1,-1.0
2019-12-27,2019-12-27,0.10919,-1,-1.0
2019-12-30,2019-12-30,0.10904,-1,-1.0
2019-12-31,2019-12-31,0.10826,0,-1.0
2020-01-01,2020-01-01,0.10832,1,-1.0
2020-01-02,2020-01-02,0.10919,1,-1.0
2020-01-03,2020-01-03,0.10965,-1,-1.0
2020-01-06,2020-01-06,0.10875,1,-1.0
2020-01-07,2020-01-07,0.10972,1,-1.0
2020-01-08,2020-01-08,0.10983,1,-1.0
2020-01-09,2020-01-09,0.11034,1,-1.0
2020-01-10,2020-01-10,0.11058,1,-1.0
2020-01-13,2020-01-13,0.11162,-1,-1.0
2020-01-14,2020-01-14,0.1115,-1,-1.0
2020-01-15,2020-01-15,0.11114,0,-1.0
2020-01-16,2020-01-16,0.11109,1,-1.0
2020-01-17,2020-01-17,0.11201,-1,-1.0
2020-01-20,2020-01-20,0.11189,-1,-1.0
2020-01-21,2020-01-21,0.11094,-1,-1.0
2020-01-22,2020-01-22,0.11016,-1,-1.0
2020-01-23,2020-01-23,0.1097,1,-1.0
2020-01-24,2020-01-24,0.1102,1,-1.0
2020-01-27,2020-01-27,0.11033,1,-1.0
2020-01-28,2020-01-28,0.11061,0,-1.0
2020-01-29,2020-01-29,0.11062,-1,-1.0
2020-01-30,2020-01-30,0.11008,-1,-1.0
2020-01-31,2020-01-31,0.10913,1,-1.0
2020-02-03,2020-02-03,0.10953,0,-1.0
2020-02-04,2020-02-04,0.10962,1,-1.0
2020-02-05,2020-02-05,0.11027,1,-1.0
2020-02-06,2020-02-06,0.11094,-1,-1.0
2020-02-07,2020-02-07,0.11075,0,-1.0
2020-02-10,2020-02-10,0.11082,0,-1.0
2020-02-11,2020-02-11,0.11073,0,-1.0
2020-02-12,2020-02-12,0.11063,-1,-1.0
2020-02-13,2020-02-13,0.10985,-1,-1.0
2020-02-14,2020-02-14,0.10965,1,-1.0
2020-02-17,2020-02-17,0.11011,-1,-1.0
2020-02-18,2020-02-18,0.10989,1,-1.0
2020-02-19,2020-02-19,0.11055,0,-1.0
2020-02-20,2020-02-20,0.11049,-1,-1.0
2020-02-21,2020-02-21,0.10972,1,-1.0
2020-02-24,2020-02-24,0.11001,-1,-1.0
2020-02-25,2020-02-25,0.10961,1,-1.0
2020-02-26,2020-02-26,0.11029,1,-1.0
2020-02-27,2020-02-27,0.11072,1,-1.0
2020-02-28,2020-02-28,0.1115,1,-1.0
2020-03-02,2020-03-02,0.11259,-1,-1.0
2020-03-03,2020-03-03,0.11203,0,-1.0
2020-03-04,2020-03-04,0.11214,-1,-1.0
2020-03-05,2020-03-05,0.11123,-1,-1.0
2020-03-06,2020-03-06,0.11051,-1,-1.0
2020-03-09,2020-03-09,0.10981,1,-1.0
2020-03-10,2020-03-10,0.11136,1,-1.0
2020-03-11,2020-03-11,0.11203,1,-1.0
2020-03-12,2020-03-12,0.11306,1,-1.0
2020-03-13,2020-03-13,0.11602,1,-1.0
2020-03-16,2020-03-16,0.11653,1,-1.0
2020-03-17,2020-03-17,0.11814,1,-1.0
2020-03-18,2020-03-18,0.12196,1,-1.0
2020-03-19,2020-03-19,0.1229,-1,-1.0
2020-03-20,2020-03-20,0.12163,1,-1.0
2020-03-23,2020-03-23,0.12194,-1,-1.0
2020-03-24,2020-03-24,0.12006,-1,-1.0
2020-03-25,2020-03-25,0.11884,-1,-1.0
2020-03-26,2020-03-26,0.11638,-1,-1.0
2020-03-27,2020-03-27,0.11312,1,-1.0
2020-03-30,2020-03-30,0.11365,0,-1.0
2020-03-31,2020-03-31,0.11374,-1,-1.0
2020-04-01,2020-04-01,0.11361,1,-1.0
2020-04-02,2020-04-02,0.11374,1,-1.0
2020-04-03,2020-04-03,0.11488,1,-1.0
2020-04-06,2020-04-06,0.11556,-1,-1.0
2020-04-07,2020-04-07,0.11501,-1,-1.0
2020-04-08,2020-04-08,0.11419,-1,-1.0
2020-04-09,2020-04-09,0.11393,1,-1.0
2020-04-10,2020-04-10,0.11412,-1,-1.0
2020-04-13,2020-04-13,0.11325,-1,-1.0
2020-04-14,2020-04-14,0.11232,1,-1.0
2020-04-15,2020-04-15,0.11289,1,-1.0
2020-04-16,2020-04-16,0.11305,0,-1.0
2020-04-17,2020-04-17,0.11301,1,-1.0
2020-04-20,2020-04-20,0.1136,1,-1.0
2020-04-21,2020-04-21,0.1146,-1,-1.0
2020-04-22,2020-04-22,0.11439,1,-1.0
2020-04-23,2020-04-23,0.11456,-1,-1.0
2020-04-24,2020-04-24,0.11413,-1,-1.0
2020-04-27,2020-04-27,0.11359,0,-1.0
2020-04-28,2020-04-28,0.11362,-1,-1.0
2020-04-29,2020-04-29,0.11327,-1,-1.0
2020-04-30,2020-04-30,0.11251,1,-1.0
2020-05-01,2020-05-01,0.11331,1,-1.0
2020-05-04,2020-05-04,0.11377,0,-1.0
2020-05-05,2020-05-05,0.11372,1,-1.0
2020-05-06,2020-05-06,0.11398,0,-1.0
2020-05-07,2020-05-07,0.11408,-1,-1.0
2020-05-08,2020-05-08,0.11387,1,-1.0
2020-05-11,2020-05-11,0.11415,1,-1.0
2020-05-12,2020-05-12,0.11505,1,-1.0
2020-05-13,2020-05-13,0.11523,0,-1.0
2020-05-14,2020-05-14,0.11518,1,-1.0
2020-05-15,2020-05-15,0.1163,-1,-1.0
2020-05-18,2020-05-18,0.1153,-1,-1.0
2020-05-19,2020-05-19,0.11495,1,-1.0
2020-05-20,2020-05-20,0.11523,-1,-1.0
2020-05-21,2020-05-21,0.1149,1,-1.0
2020-05-22,2020-05-22,0.11524,-1,-1.0
2020-05-25,2020-05-25,0.1149,-1,-1.0
2020-05-26,2020-05-26,0.11357,1,-1.0
2020-05-27,2020-05-27,0.11371,-1,-1.0
2020-05-28,2020-05-28,0.11352,-1,-1.0
2020-05-29,2020-05-29,0.11339,-1,-1.0
2020-06-01,2020-06-01,0.11224,0,-1.0
2020-06-02,2020-06-02,0.11217,-1,-1.0
2020-06-03,2020-06-03,0.11169,-1,-1.0
2020-06-04,2020-06-04,0.11155,-1,-1.0
2020-06-05,2020-06-05,0.11142,-1,-1.0
2020-06-08,2020-06-08,0.1111,-1,-1.0
2020-06-09,2020-06-09,0.11096,0,-1.0
2020-06-10,2020-06-10,0.11105,1,-1.0
2020-06-11,2020-06-11,0.11231,1,-1.0
2020-06-12,2020-06-12,0.11258,-1,-1.0
2020-06-15,2020-06-15,0.11174,1,-1.0
2020-06-16,2020-06-16,0.11226,1,-1.0
2020-06-17,2020-06-17,0.11238,1,-1.0
2020-06-18,2020-06-18,0.11351,1,-1.0
2020-06-19,2020-06-19,0.11447,-1,-1.0
2020-06-22,2020-06-22,0.11338,-1,-1.0
2020-06-23,2020-06-23,0.11309,1,-1.0
2020-06-24,2020-06-24,0.11374,0,-1.0
2020-06-25,2020-06-25,0.11371,1,-1.0
2020-06-26,2020-06-26,0.11448,1,-1.0
2020-06-29,2020-06-29,0.11474,-1,-1.0
2020-06-30,2020-06-30,0.11415,-1,-1.0
2020-07-01,2020-07-01,0.11329,1,-1.0
2020-07-02,2020-07-02,0.11345,-1,-1.0
2020-07-03,2020-07-03,0.11332,1,-1.0
2020-07-06,2020-07-06,0.11408,-1,-1.0
2020-07-07,2020-07-07,0.11354,-1,-1.0
2020-07-08,2020-07-08,0.11314,1,-1.0
2020-07-09,2020-07-09,0.11336,-1,-1.0
2020-07-10,2020-07-10,0.11314,1,-1.0
2020-07-13,2020-07-13,0.11375,-1,-1.0
2020-07-14,2020-07-14,0.11348,1,-1.0
2020-07-15,2020-07-15,0.1136,1,-1.0
2020-07-16,2020-07-16,0.11392,-1,-1.0
2020-07-17,2020-07-17,0.1137,-1,-1.0
2020-07-20,2020-07-20,0.11307,-1,-1.0
2020-07-21,2020-07-21,0.11252,-1,-1.0
2020-07-22,2020-07-22,0.11217,0,-1.0
2020-07-23,2020-07-23,0.11206,-1,-1.0
2020-07-24,2020-07-24,0.1114,-1,-1.0
2020-07-27,2020-07-27,0.11084,-1,-1.0
2020-07-28,2020-07-28,0.1104,-1,-1.0
2020-07-29,2020-07-29,0.10988,-1,-1.0
2020-07-30,2020-07-30,0.10892,1,-1.0
2020-07-31,2020-07-31,0.10953,0,-1.0
2020-08-03,2020-08-03,0.10951,1,-1.0
2020-08-04,2020-08-04,0.1097,1,-1.0
2020-08-05,2020-08-05,0.10983,-1,-1.0
2020-08-06,2020-08-06,0.10938,1,-1.0
2020-08-07,2020-08-07,0.10987,0,-1.0
2020-08-10,2020-08-10,0.10983,1,-1.0
2020-08-11,2020-08-11,0.11023,1,-1.0
2020-08-12,2020-08-12,0.11055,-1,-1.0
2020-08-13,2020-08-13,0.11016,-1,-1.0
2020-08-14,2020-08-14,0.10989,1,-1.0
2020-08-17,2020-08-17,0.11003,-1,-1.0
2020-08-18,2020-08-18,0.10903,1,-1.0
2020-08-19,2020-08-19,0.11014,-1,-1.0
2020-08-20,2020-08-20,0.10933,1,-1.0
2020-08-21,2020-08-21,0.11045,1,-1.0
2020-08-24,2020-08-24,0.11057,-1,-1.0
2020-08-25,2020-08-25,0.10994,-1,-1.0
2020-08-26,2020-08-26,0.10981,0,-1.0
2020-08-27,2020-08-27,0.10985,-1,-1.0
2020-08-28,2020-08-28,0.10905,0,-1.0
2020-08-31,2020-08-31,0.10915,1,-1.0
2020-09-01,2020-09-01,0.10931,1,-1.0
2020-09-02,2020-09-02,0.10947,1,-1.0
2020-09-03,2020-09-03,0.10996,0,-1.0
2020-09-04,2020-09-04,0.11004,1,-1.0
2020-09-07,2020-09-07,0.11113,1,-1.0
2020-09-08,2020-09-08,0.11248,0,-1.0
2020-09-09,2020-09-09,0.11255,1,-1.0
2020-09-10,2020-09-10,0.11424,0,-1.0
2020-09-11,2020-09-11,0.1143,0,-1.0
2020-09-14,2020-09-14,0.11423,0,-1.0
2020-09-15,2020-09-15,0.11433,-1,-1.0
2020-09-16,2020-09-16,0.11414,-1,-1.0
2020-09-17,2020-09-17,0.1139,1,-1.0
2020-09-18,2020-09-18,0.11434,1,-1.0
2020-09-21,2020-09-21,0.11461,1,-1.0
2020-09-22,2020-09-22,0.11577,-1,-1.0
2020-09-23,2020-09-23,0.11538,-1,-1.0
2020-09-24,2020-09-24,0.1148,0,-1.0
2020-09-25,2020-09-25,0.11491,-1,-1.0
2020-09-28,2020-09-28,0.1143,-1,-1.0
2020-09-29,2020-09-29,0.11404,0,-1.0
2020-09-30,2020-09-30,0.11393,1,-1.0
2020-10-01,2020-10-01,0.11425,-1,-1.0
2020-10-02,2020-10-02,0.11378,-1,-1.0
2020-10-05,2020-10-05,0.11342,1,-1.0
2020-10-06,2020-10-06,0.11431,-1,-1.0
2020-10-07,2020-10-07,0.11394,0,-1.0
2020-10-08,2020-10-08,0.11384,1,-1.0
2020-10-09,2020-10-09,0.11446,-1,-1.0
2020-10-12,2020-10-12,0.1134,1,-1.0
2020-10-13,2020-10-13,0.11452,-1,-1.0
2020-10-14,2020-10-14,0.11437,1,-1.0
2020-10-15,2020-10-15,0.11511,1,-1.0
2020-10-16,2020-10-16,0.11561,0,-1.0
2020-10-19,2020-10-19,0.11558,0,-1.0
2020-10-20,2020-10-20,0.11563,-1,-1.0
2020-10-21,2020-10-21,0.11434,0,-1.0
2020-10-22,2020-10-22,0.1143,1,-1.0
2020-10-23,2020-10-23,0.11462,-1,-1.0
2020-10-26,2020-10-26,0.11437,0,-1.0
2020-10-27,2020-10-27,0.11431,0,-1.0
2020-10-28,2020-10-28,0.11436,1,-1.0
2020-10-29,2020-10-29,0.11515,1,-1.0
2020-10-30,2020-10-30,0.11533,1,-1.0
2020-11-02,2020-11-02,0.11573,-1,-1.0
2020-11-03,2020-11-03,0.11473,1,-1.0
2020-11-04,2020-11-04,0.11575,-1,-1.0
2020-11-05,2020-11-05,0.11514,-1,-1.0
2020-11-06,2020-11-06,0.11502,-1,-1.0
2020-11-09,2020-11-09,0.11447,-1,-1.0
2020-11-10,2020-11-10,0.11404,1,-1.0
2020-11-11,2020-11-11,0.11422,1,-1.0
2020-11-12,2020-11-12,0.11527,-1,-1.0
2020-11-13,2020-11-13,0.1147,1,-1.0
2020-11-16,2020-11-16,0.11507,0,-1.0
2020-11-17,2020-11-17,0.115,-1,-1.0
2020-11-18,2020-11-18,0.11469,-1,-1.0
2020-11-19,2020-11-19,0.11442,1,-1.0
2020-11-20,2020-11-20,0.11467,-1,-1.0
2020-11-23,2020-11-23,0.11391,-1,-1.0
2020-11-24,2020-11-24,0.1135,0,-1.0
2020-11-25,2020-11-25,0.11358,1,-1.0
2020-11-26,2020-11-26,0.11383,1,-1.0
2020-11-27,2020-11-27,0.11425,-1,-1.0
2020-11-30,2020-11-30,0.11396,-1,-1.0
2020-12-01,2020-12-01,0.11336,1,-1.0
2020-12-02,2020-12-02,0.11406,-1,-1.0
2020-12-03,2020-12-03,0.11359,1,-1.0
2020-12-04,2020-12-04,0.11396,1,-1.0
2020-12-07,2020-12-07,0.11467,0,-1.0
2020-12-08,2020-12-08,0.1146,-1,-1.0
2020-12-09,2020-12-09,0.11378,1,-1.0
2020-12-10,2020-12-10,0.11487,1,-1.0
2020-12-11,2020-12-11,0.11552,-1,-1.0
2020-12-14,2020-12-14,0.11447,-1,-1.0
2020-12-15,2020-12-15,0.11361,-1,-1.0
2020-12-16,2020-12-16,0.11342,-1,-1.0
2020-12-17,2020-12-17,0.11269,1,-1.0
2020-12-18,2020-12-18,0.11303,1,-1.0
2020-12-21,2020-12-21,0.11344,1,-1.0
2020-12-22,2020-12-22,0.11421,-1,-1.0
2020-12-23,2020-12-23,0.11313,0,-1.0
2020-12-24,2020-12-24,0.11303,-1,-1.0
2020-12-25,2020-12-25,0.11279,1,-1.0
2020-12-28,2020-12-28,0.11378,-1,-1.0
2020-12-29,2020-12-29,0.11335,-1,-1.0
2020-12-30,2020-12-30,0.11253,-1,-1.0
2020-12-31,2020-12-31,0.1121,-1,-1.0
2021-01-01,2021-01-01,0.11198,1,-1.0
2021-01-04,2021-01-04,0.11411,-1,-1.0
2021-01-05,2021-01-05,0.11361,0,-1.0
2021-01-06,2021-01-06,0.11365,0,-1.0
2021-01-07,2021-01-07,0.1137,0,-1.0
2021-01-08,2021-01-08,0.1137,1,-1.0
2021-01-11,2021-01-11,0.11414,-1,-1.0
2021-01-12,2021-01-12,0.11319,1,-1.0
2021-01-13,2021-01-13,0.11338,-1,-1.0
2021-01-14,2021-01-14,0.11288,1,-1.0
2021-01-15,2021-01-15,0.11351,-1,-1.0
2021-01-18,2021-01-18,0.11335,-1,-1.0
2021-01-19,2021-01-19,0.11317,0,-1.0
2021-01-20,2021-01-20,0.1132,-1,-1.0
2021-01-21,2021-01-21,0.11264,0,-1.0
2021-01-22,2021-01-22,0.11268,1,-1.0
2021-01-25,2021-01-25,0.11285,-1,-1.0
2021-01-26,2021-01-26,0.1127,0,-1.0
2021-01-27,2021-01-27,0.11259,1,-1.0
2021-01-28,2021-01-28,0.11292,1,-1.0
2021-01-29,2021-01-29,0.11343,-1,-1.0
2021-02-01,2021-02-01,0.11309,1,-1.0
2021-02-02,2021-02-02,0.11329,1,-1.0
2021-02-03,2021-02-03,0.11345,-1,-1.0
2021-02-04,2021-02-04,0.11297,-1,-1.0
2021-02-05,2021-02-05,0.11254,1,-1.0
2021-02-08,2021-02-08,0.11281,-1,-1.0
2021-02-09,2021-02-09,0.11243,-1,-1.0
2021-02-10,2021-02-10,0.11188,1,-1.0
2021-02-11,2021-02-11,0.1121,-1,-1.0
2021-02-12,2021-02-12,0.11173,-1,-1.0
2021-02-15,2021-02-15,0.11129,0,-1.0
2021-02-16,2021-02-16,0.11132,1,-1.0
2021-02-17,2021-02-17,0.11169,-1,-1.0
2021-02-18,2021-02-18,0.11026,1,-1.0
2021-02-19,2021-02-19,0.11053,-1,-1.0
2021-02-22,2021-02-22,0.1099,-1,-1.0
2021-02-23,2021-02-23,0.10959,1,-1.0
2021-02-24,2021-02-24,0.10973,1,-1.0
2021-02-25,2021-02-25,0.11053,1,-1.0
2021-02-26,2021-02-26,0.11078,1,-1.0
2021-03-01,2021-03-01,0.11113,-1,-1.0
2021-03-02,2021-03-02,0.11061,1,-1.0
2021-03-03,2021-03-03,0.11078,1,-1.0
2021-03-04,2021-03-04,0.11122,0,-1.0
2021-03-05,2021-03-05,0.11116,-1,-1.0
2021-03-08,2021-03-08,0.11083,-1,-1.0
2021-03-09,2021-03-09,0.11056,-1,-1.0
2021-03-10,2021-03-10,0.11027,-1,-1.0
2021-03-11,2021-03-11,0.11002,1,-1.0
2021-03-12,2021-03-12,0.11032,0,-1.0
2021-03-15,2021-03-15,0.11035,1,-1.0
2021-03-16,2021-03-16,0.11059,-1,-1.0
2021-03-17,2021-03-17,0.1101,1,-1.0
2021-03-18,2021-03-18,0.11028,1,-1.0
2021-03-19,2021-03-19,0.11074,0,-1.0
2021-03-22,2021-03-22,0.11082,1,-1.0
2021-03-23,2021-03-23,0.11151,1,-1.0
2021-03-24,2021-03-24,0.1119,-1,-1.0
2021-03-25,2021-03-25,0.11129,-1,-1.0
2021-03-26,2021-03-26,0.11078,-1,-1.0
2021-03-29,2021-03-29,0.11055,1,-1.0
2021-03-30,2021-03-30,0.1107,0,-1.0
2021-03-31,2021-03-31,0.11068,-1,-1.0
2021-04-01,2021-04-01,0.11011,0,-1.0
2021-04-02,2021-04-02,0.11008,-1,-1.0
2021-04-05,2021-04-05,0.10948,1,-1.0
2021-04-06,2021-04-06,0.11061,1,-1.0
2021-04-07,2021-04-07,0.11122,-1,-1.0
2021-04-08,2021-04-08,0.11109,1,-1.0
2021-04-09,2021-04-09,0.11126,-1,-1.0
2021-04-12,2021-04-12,0.11114,0,-1.0
2021-04-13,2021-04-13,0.11107,0,-1.0
2021-04-14,2021-04-14,0.1111,0,-1.0
2021-04-15,2021-04-15,0.11118,-1,-1.0
2021-04-16,2021-04-16,0.11081,-1,-1.0
2021-04-19,2021-04-19,0.10979,1,-1.0
2021-04-20,2021-04-20,0.11034,1,-1.0
2021-04-21,2021-04-21,0.11055,1,-1.0
2021-04-22,2021-04-22,0.11125,-1,-1.0
2021-04-23,2021-04-23,0.11088,0,-1.0
2021-04-26,2021-04-26,0.11083,0,-1.0
2021-04-27,2021-04-27,0.1109,-1,-1.0
2021-04-28,2021-04-28,0.11068,0,-1.0
2021-04-29,2021-04-29,0.11077,1,-1.0
2021-04-30,2021-04-30,0.11173,-1,-1.0
2021-05-03,2021-05-03,0.111,1,-1.0
2021-05-04,2021-05-04,0.11118,-1,-1.0
2021-05-05,2021-05-05,0.11104,1,-1.0
2021-05-06,2021-05-06,0.1113,-1,-1.0
2021-05-07,2021-05-07,0.11109,-1,-1.0
2021-05-10,2021-05-10,0.11032,-1,-1.0
2021-05-11,2021-05-11,0.10989,1,-1.0
2021-05-12,2021-05-12,0.11009,1,-1.0
2021-05-13,2021-05-13,0.11027,-1,-1.0
2021-05-14,2021-05-14,0.11014,-1,-1.0
2021-05-17,2021-05-17,0.10978,-1,-1.0
2021-05-18,2021-05-18,0.10964,1,-1.0
2021-05-19,2021-05-19,0.11005,-1,-1.0
2021-05-20,2021-05-20,0.10946,1,-1.0
2021-05-21,2021-05-21,0.10979,1,-1.0
2021-05-24,2021-05-24,0.11,1,-1.0
2021-05-25,2021-05-25,0.11017,1,-1.0
2021-05-26,2021-05-26,0.11074,-1,-1.0
2021-05-27,2021-05-27,0.11025,1,-1.0
2021-05-28,2021-05-28,0.11061,-1,-1.0
2021-05-31,2021-05-31,0.11043,1,-1.0
2021-06-01,2021-06-01,0.11069,-1,-1.0
2021-06-02,2021-06-02,0.11053,1,-1.0
2021-06-03,2021-06-03,0.11067,-1,-1.0
2021-06-04,2021-06-04,0.1104,-1,-1.0
2021-06-07,2021-06-07,0.11019,1,-1.0
2021-06-08,2021-06-08,0.11035,1,-1.0
2021-06-09,2021-06-09,0.11086,-1,-1.0
2021-06-10,2021-06-10,0.11029,1,-1.0
2021-06-11,2021-06-11,0.11073,0,-1.0
2021-06-14,2021-06-14,0.11071,0,-1.0
2021-06-15,2021-06-15,0.11079,1,-1.0
2021-06-16,2021-06-16,0.11169,-1,-1.0
2021-06-17,2021-06-17,0.11132,1,-1.0
2021-06-18,2021-06-18,0.11218,-1,-1.0
2021-06-21,2021-06-21,0.11091,-1,-1.0
2021-06-22,2021-06-22,0.11057,0,-1.0
2021-06-23,2021-06-23,0.11057,1,-1.0
2021-06-24,2021-06-24,0.11094,1,-1.0
2021-06-25,2021-06-25,0.11154,0,-1.0
2021-06-28,2021-06-28,0.11153,1,-1.0
2021-06-29,2021-06-29,0.11172,1,-1.0
2021-06-30,2021-06-30,0.11192,1,-1.0
2021-07-01,2021-07-01,0.11226,-1,-1.0
2021-07-02,2021-07-02,0.11164,0,-1.0
2021-07-05,2021-07-05,0.11167,0,-1.0
2021-07-06,2021-07-06,0.11174,1,-1.0
2021-07-07,2021-07-07,0.11189,-1,-1.0
2021-07-08,2021-07-08,0.11171,-1,-1.0
2021-07-09,2021-07-09,0.11096,1,-1.0
2021-07-12,2021-07-12,0.11116,1,-1.0
2021-07-13,2021-07-13,0.11184,-1,-1.0
2021-07-14,2021-07-14,0.11148,1,-1.0
2021-07-15,2021-07-15,0.1119,1,-1.0
2021-07-16,2021-07-16,0.11207,1,-1.0
2021-07-19,2021-07-19,0.1126,1,-1.0
2021-07-20,2021-07-20,0.11312,-1,-1.0
2021-07-21,2021-07-21,0.11268,-1,-1.0
2021-07-22,2021-07-22,0.11223,0,-1.0
2021-07-23,2021-07-23,0.11214,-1,-1.0
2021-07-26,2021-07-26,0.11154,-1,-1.0
2021-07-27,2021-07-27,0.11058,1,-1.0
2021-07-28,2021-07-28,0.11073,1,-1.0
2021-07-29,2021-07-29,0.1109,1,-1.0
2021-07-30,2021-07-30,0.11127,1,-1.0
2021-08-02,2021-08-02,0.11144,-1,-1.0
2021-08-03,2021-08-03,0.11102,1,-1.0
2021-08-04,2021-08-04,0.11131,-1,-1.0
2021-08-05,2021-08-05,0.11105,0,-1.0
2021-08-06,2021-08-06,0.11114,1,-1.0
2021-08-09,2021-08-09,0.11128,0,-1.0
2021-08-10,2021-08-10,0.11136,0,-1.0
2021-08-11,2021-08-11,0.11126,1,-1.0
2021-08-12,2021-08-12,0.1117,-1,-1.0
2021-08-13,2021-08-13,0.11129,1,-1.0
2021-08-16,2021-08-16,0.11154,1,-1.0
2021-08-17,2021-08-17,0.11214,0,-1.0
2021-08-18,2021-08-18,0.1121,1,-1.0
2021-08-19,2021-08-19,0.11283,0,-1.0
2021-08-20,2021-08-20,0.11283,-1,-1.0
2021-08-23,2021-08-23,0.1123,1,-1.0
2021-08-24,2021-08-24,0.11248,-1,-1.0
2021-08-25,2021-08-25,0.11215,1,-1.0
2021-08-26,2021-08-26,0.11254,-1,-1.0
2021-08-27,2021-08-27,0.11213,1,-1.0
2021-08-30,2021-08-30,0.11232,1,-1.0
2021-08-31,2021-08-31,0.11248,-1,-1.0
2021-09-01,2021-09-01,0.11236,-1,-1.0
2021-09-02,2021-09-02,0.11189,-1,-1.0
2021-09-03,2021-09-03,0.11176,0,-1.0
2021-09-06,2021-09-06,0.11187,1,-1.0
2021-09-07,2021-09-07,0.11212,1,-1.0
2021-09-08,2021-09-08,0.1123,-1,-1.0
2021-09-09,2021-09-09,0.11189,1,-1.0
2021-09-10,2021-09-10,0.11214,-1,-1.0
2021-09-13,2021-09-13,0.11195,1,-1.0
2021-09-14,2021-09-14,0.11243,-1,-1.0
2021-09-15,2021-09-15,0.11227,0,-1.0
2021-09-16,2021-09-16,0.11219,1,-1.0
2021-09-17,2021-09-17,0.1125,1,-1.0
2021-09-20,2021-09-20,0.11318,0,-1.0
2021-09-21,2021-09-21,0.11314,1,-1.0
2021-09-22,2021-09-22,0.11355,-1,-1.0
2021-09-23,2021-09-23,0.11277,1,-1.0
2021-09-24,2021-09-24,0.11312,-1,-1.0
2021-09-27,2021-09-27,0.11296,1,-1.0
2021-09-28,2021-09-28,0.11429,1,-1.0
2021-09-29,2021-09-29,0.11505,0,-1.0
2021-09-30,2021-09-30,0.11507,-1,-1.0
2021-10-01,2021-10-01,0.11447,-1,-1.0
2021-10-04,2021-10-04,0.11394,-1,-1.0
2021-10-05,2021-10-05,0.11379,1,-1.0
2021-10-06,2021-10-06,0.11414,-1,-1.0
2021-10-07,2021-10-07,0.11388,0,-1.0
2021-10-08,2021-10-08,0.11395,0,-1.0
2021-10-11,2021-10-11,0.11396,1,-1.0
2021-10-12,2021-10-12,0.11408,-1,-1.0
2021-10-13,2021-10-13,0.11383,-1,-1.0
2021-10-14,2021-10-14,0.11351,-1,-1.0
2021-10-15,2021-10-15,0.1129,1,-1.0
2021-10-18,2021-10-18,0.11322,1,-1.0
2021-10-19,2021-10-19,0.11354,-1,-1.0
2021-10-20,2021-10-20,0.11305,1,-1.0
2021-10-21,2021-10-21,0.11332,1,-1.0
2021-10-22,2021-10-22,0.11392,-1,-1.0
2021-10-25,2021-10-25,0.11369,0,-1.0
2021-10-26,2021-10-26,0.11372,0,-1.0
2021-10-27,2021-10-27,0.11379,-1,-1.0
2021-10-28,2021-10-28,0.11337,1,-1.0
2021-10-29,2021-10-29,0.1142,1,-1.0
2021-11-01,2021-11-01,0.11433,1,-1.0
2021-11-02,2021-11-02,0.11469,-1,-1.0
2021-11-03,2021-11-03,0.11399,1,-1.0
2021-11-04,2021-11-04,0.11575,0,-1.0
2021-11-05,2021-11-05,0.11573,-1,-1.0
2021-11-08,2021-11-08,0.11537,0,-1.0
2021-11-09,2021-11-09,0.11533,1,-1.0
2021-11-10,2021-11-10,0.11671,1,-1.0
2021-11-11,2021-11-11,0.11693,-1,-1.0
2021-11-12,2021-11-12,0.11675,0,-1.0
2021-11-15,2021-11-15,0.11675,-1,-1.0
2021-11-16,2021-11-16,0.11649,-1,-1.0
2021-11-17,2021-11-17,0.11613,-1,-1.0
2021-11-18,2021-11-18,0.11595,1,-1.0
2021-11-19,2021-11-19,0.11639,1,-1.0
2021-11-22,2021-11-22,0.11693,0,-1.0
2021-11-23,2021-11-23,0.11687,1,-1.0
2021-11-24,2021-11-24,0.11738,0,-1.0
2021-11-25,2021-11-25,0.11748,-1,-1.0
2021-11-26,2021-11-26,0.11721,1,-1.0
2021-11-29,2021-11-29,0.11765,1,-1.0
2021-11-30,2021-11-30,0.11807,1,-1.0
2021-12-01,2021-12-01,0.11823,-1,-1.0
2021-12-02,2021-12-02,0.11788,1,-1.0
2021-12-03,2021-12-03,0.11846,-1,-1.0
2021-12-06,2021-12-06,0.11826,1,-1.0
2021-12-07,2021-12-07,0.11856,1,-1.0
2021-12-08,2021-12-08,0.11933,-1,-1.0
2021-12-09,2021-12-09,0.1187,-1,-1.0
2021-12-10,2021-12-10,0.11825,1,-1.0
2021-12-13,2021-12-13,0.11888,-1,-1.0
2021-12-14,2021-12-14,0.11867,-1,-1.0
2021-12-15,2021-12-15,0.11836,-1,-1.0
2021-12-16,2021-12-16,0.1179,1,-1.0
2021-12-17,2021-12-17,0.1183,1,-1.0
2021-12-20,2021-12-20,0.11867,-1,-1.0
2021-12-21,2021-12-21,0.11827,-1,-1.0
2021-12-22,2021-12-22,0.11746,-1,-1.0
2021-12-23,2021-12-23,0.11697,1,-1.0
2021-12-24,2021-12-24,0.1171,-1,-1.0
2021-12-27,2021-12-27,0.11673,0,-1.0
2021-12-28,2021-12-28,0.11683,-1,-1.0
2021-12-29,2021-12-29,0.11634,-1,-1.0
2021-12-30,2021-12-30,0.11616,0,-1.0
2021-12-31,2021-12-31,0.11626,1,-1.0
2022-01-03,2022-01-03,0.11674,-1,-1.0
2022-01-04,2022-01-04,0.11593,0,-1.0
2022-01-05,2022-01-05,0.11585,-1,-1.0
2022-01-06,2022-01-06,0.11569,-1,-1.0
2022-01-07,2022-01-07,0.11531,1,-1.0
2022-01-10,2022-01-10,0.11547,-1,-1.0
2022-01-11,2022-01-11,0.11503,-1,-1.0
2022-01-12,2022-01-12,0.11469,0,-1.0
2022-01-13,2022-01-13,0.11459,1,-1.0
2022-01-14,2022-01-14,0.11499,1,-1.0
2022-01-17,2022-01-17,0.11539,1,-1.0
2022-01-18,2022-01-18,0.11574,0,-1.0
2022-01-19,2022-01-19,0.11571,1,-1.0
2022-01-20,2022-01-20,0.11592,1,-1.0
2022-01-21,2022-01-21,0.1163,1,-1.0
2022-01-24,2022-01-24,0.11704,0,-1.0
2022-01-25,2022-01-25,0.11695,1,-1.0
2022-01-26,2022-01-26,0.1175,-1,-1.0
2022-01-27,2022-01-27,0.11737,0,-1.0
2022-01-28,2022-01-28,0.1173,-1,-1.0
2022-01-31,2022-01-31,0.11688,-1,-1.0
2022-02-01,2022-02-01,0.11619,-1,-1.0
2022-02-02,2022-02-02,0.11577,-1,-1.0
2022-02-03,2022-02-03,0.11548,1,-1.0
2022-02-04,2022-02-04,0.11615,0,-1.0
2022-02-07,2022-02-07,0.11617,-1,-1.0
2022-02-08,2022-02-08,0.11597,0,-1.0
2022-02-09,2022-02-09,0.11604,0,-1.0
2022-02-10,2022-02-10,0.11612,0,-1.0
2022-02-11,2022-02-11,0.11608,1,-1.0
2022-02-14,2022-02-14,0.11621,1,-1.0
2022-02-15,2022-02-15,0.11643,-1,-1.0
2022-02-16,2022-02-16,0.11618,-1,-1.0
2022-02-17,2022-02-17,0.11582,1,-1.0
2022-02-18,2022-02-18,0.11623,-1,-1.0
2022-02-21,2022-02-21,0.11601,1,-1.0
2022-02-22,2022-02-22,0.11629,1,-1.0
2022-02-23,2022-02-23,0.11688,1,-1.0
2022-02-24,2022-02-24,0.1181,-1,-1.0
2022-02-25,2022-02-25,0.11797,0,-1.0
2022-02-28,2022-02-28,0.11804,1,-1.0
2022-03-01,2022-03-01,0.11896,-1,-1.0
2022-03-02,2022-03-02,0.11817,1,-1.0
2022-03-03,2022-03-03,0.11851,1,-1.0
2022-03-04,2022-03-04,0.11945,1,-1.0
2022-03-07,2022-03-07,0.12052,1,-1.0
2022-03-08,2022-03-08,0.12073,-1,-1.0
2022-03-09,2022-03-09,0.11998,1,-1.0
2022-03-10,2022-03-10,0.12085,0,-1.0
2022-03-11,2022-03-11,0.12095,0,-1.0
2022-03-14,2022-03-14,0.12083,-1,-1.0
2022-03-15,2022-03-15,0.12033,-1,-1.0
2022-03-16,2022-03-16,0.11972,0,-1.0
2022-03-17,2022-03-17,0.11975,-1,-1.0
2022-03-18,2022-03-18,0.1192,0,-1.0
2022-03-21,2022-03-21,0.1193,-1,-1.0
2022-03-22,2022-03-22,0.11839,1,-1.0
2022-03-23,2022-03-23,0.11879,1,-1.0
2022-03-24,2022-03-24,0.11905,0,-1.0
2022-03-25,2022-03-25,0.11904,1,-1.0
2022-03-28,2022-03-28,0.11981,1,-1.0
2022-03-29,2022-03-29,0.11998,0,-1.0
2022-03-30,2022-03-30,0.11989,0,-1.0
2022-03-31,2022-03-31,0.11996,-1,-1.0
2022-04-01,2022-04-01,0.11979,0,-1.0
2022-04-04,2022-04-04,0.11977,1,-1.0
2022-04-05,2022-04-05,0.12014,1,-1.0
2022-04-06,2022-04-06,0.12028,0,-1.0
2022-04-07,2022-04-07,0.12019,1,-1.0
2022-04-08,2022-04-08,0.12056,0,-1.0
2022-04-11,2022-04-11,0.12044,1,-1.0
2022-04-12,2022-04-12,0.12076,-1,-1.0
2022-04-13,2022-04-13,0.11967,1,-1.0
2022-04-14,2022-04-14,0.11985,1,-1.0
2022-04-15,2022-04-15,0.12013,1,-1.0
2022-04-18,2022-04-18,0.12053,-1,-1.0
2022-04-19,2022-04-19,0.12027,-1,-1.0
2022-04-20,2022-04-20,0.11918,-1,-1.0
2022-04-21,2022-04-21,0.1189,1,-1.0
2022-04-22,2022-04-22,0.11975,-1,-1.0
2022-04-25,2022-04-25,0.11958,1,-1.0
2022-04-26,2022-04-26,0.12124,1,-1.0
2022-04-27,2022-04-27,0.12148,-1,-1.0
2022-04-28,2022-04-28,0.12108,-1,-1.0
2022-04-29,2022-04-29,0.1203,1,-1.0
2022-05-02,2022-05-02,0.1211,0,-1.0
2022-05-03,2022-05-03,0.12102,-1,-1.0
2022-05-04,2022-05-04,0.11973,1,-1.0
2022-05-05,2022-05-05,0.12152,0,-1.0
2022-05-06,2022-05-06,0.12151,-1,-1.0
2022-05-09,2022-05-09,0.12042,0,-1.0
2022-05-10,2022-05-10,0.12051,1,-1.0
2022-05-11,2022-05-11,0.12141,-1,-1.0
2022-05-12,2022-05-12,0.12074,-1,-1.0
2022-05-13,2022-05-13,0.12007,-1,-1.0
2022-05-16,2022-05-16,0.11953,-1,-1.0
2022-05-17,2022-05-17,0.11876,1,-1.0
2022-05-18,2022-05-18,0.11992,-1,-1.0
2022-05-19,2022-05-19,0.11937,1,-1.0
2022-05-20,2022-05-20,0.11957,-1,-1.0
2022-05-23,2022-05-23,0.11939,1,-1.0
2022-05-24,2022-05-24,0.11987,-1,-1.0
2022-05-25,2022-05-25,0.11875,-1,-1.0
2022-05-26,2022-05-26,0.11769,1,-1.0
2022-05-27,2022-05-27,0.11813,1,-1.0
2022-05-30,2022-05-30,0.11859,1,-1.0
2022-05-31,2022-05-31,0.11889,1,-1.0
2022-06-01,2022-06-01,0.11972,-1,-1.0
2022-06-02,2022-06-02,0.11931,1,-1.0
2022-06-03,2022-06-03,0.12018,-1,-1.0
2022-06-06,2022-06-06,0.11988,-1,-1.0
2022-06-07,2022-06-07,0.11902,1,-1.0
2022-06-08,2022-06-08,0.11929,1,-1.0
2022-06-09,2022-06-09,0.11953,1,-1.0
2022-06-10,2022-06-10,0.12098,1,-1.0
2022-06-13,2022-06-13,0.12196,1,-1.0
2022-06-14,2022-06-14,0.12358,-1,-1.0
2022-06-15,2022-06-15,0.12232,-1,-1.0
2022-06-16,2022-06-16,0.12072,1,-1.0
2022-06-17,2022-06-17,0.12174,1,-1.0
2022-06-20,2022-06-20,0.12194,-1,-1.0
2022-06-21,2022-06-21,0.12167,0,-1.0
2022-06-22,2022-06-22,0.12161,0,-1.0
2022-06-23,2022-06-23,0.12172,0,-1.0
2022-06-24,2022-06-24,0.12177,0,-1.0
2022-06-27,2022-06-27,0.12177,1,-1.0
2022-06-28,2022-06-28,0.12235,1,-1.0
2022-06-29,2022-06-29,0.12308,-1,-1.0
2022-06-30,2022-06-30,0.12254,1,-1.0
2022-07-01,2022-07-01,0.12333,0,-1.0
2022-07-04,2022-07-04,0.12327,1,-1.0
2022-07-05,2022-07-05,0.12445,1,-1.0
2022-07-06,2022-07-06,0.12503,-1,-1.0
2022-07-07,2022-07-07,0.12406,0,-1.0
2022-07-08,2022-07-08,0.12412,1,-1.0
2022-07-11,2022-07-11,0.12512,0,-1.0
2022-07-12,2022-07-12,0.12504,0,-1.0
2022-07-13,2022-07-13,0.1251,0,-1.0
2022-07-14,2022-07-14,0.12514,-1,-1.0
2022-07-15,2022-07-15,0.12468,-1,-1.0
2022-07-18,2022-07-18,0.12401,-1,-1.0
2022-07-19,2022-07-19,0.12349,0,-1.0
2022-07-20,2022-07-20,0.12359,-1,-1.0
2022-07-21,2022-07-21,0.12314,1,-1.0
2022-07-22,2022-07-22,0.12336,-1,-1.0
2022-07-25,2022-07-25,0.1229,0,-1.0
2022-07-26,2022-07-26,0.12284,-1,-1.0
2022-07-27,2022-07-27,0.12166,0,-1.0
2022-07-28,2022-07-28,0.12166,0,-1.0
2022-07-29,2022-07-29,0.1217,-1,-1.0
2022-08-01,2022-08-01,0.12051,1,-1.0
2022-08-02,2022-08-02,0.12171,0,-1.0
2022-08-03,2022-08-03,0.12179,0,-1.0
2022-08-04,2022-08-04,0.12182,1,-1.0
2022-08-05,2022-08-05,0.12245,1,-1.0
2022-08-08,2022-08-08,0.12258,0,-1.0
2022-08-09,2022-08-09,0.12256,-1,-1.0
2022-08-10,2022-08-10,0.12169,-1,-1.0
2022-08-11,2022-08-11,0.12147,1,-1.0
2022-08-12,2022-08-12,0.12219,1,-1.0
2022-08-15,2022-08-15,0.12238,-1,-1.0
2022-08-16,2022-08-16,0.12176,1,-1.0
2022-08-17,2022-08-17,0.12232,1,-1.0
2022-08-18,2022-08-18,0.12344,1,-1.0
2022-08-19,2022-08-19,0.12396,0,-1.0
2022-08-22,2022-08-22,0.12408,-1,-1.0
2022-08-23,2022-08-23,0.12357,0,-1.0
2022-08-24,2022-08-24,0.12354,-1,-1.0
2022-08-25,2022-08-25,0.12328,1,-1.0
2022-08-26,2022-08-26,0.12382,-1,-1.0
2022-08-29,2022-08-29,0.12361,1,-1.0
2022-08-30,2022-08-30,0.12411,1,-1.0
2022-08-31,2022-08-31,0.12489,1,-1.0
2022-09-01,2022-09-01,0.12538,1,-1.0
2022-09-02,2022-09-02,0.12592,-1,-1.0
2022-09-05,2022-09-05,0.12512,-1,-1.0
2022-09-06,2022-09-06,0.12479,-1,-1.0
2022-09-07,2022-09-07,0.12438,1,-1.0
2022-09-08,2022-09-08,0.12491,-1,-1.0
2022-09-09,2022-09-09,0.12456,-1,-1.0
2022-09-12,2022-09-12,0.12355,1,-1.0
2022-09-13,2022-09-13,0.12562,-1,-1.0
2022-09-14,2022-09-14,0.1244,1,-1.0
2022-09-15,2022-09-15,0.12461,1,-1.0
2022-09-16,2022-09-16,0.12539,-1,-1.0
2022-09-19,2022-09-19,0.12481,1,-1.0
2022-09-20,2022-09-20,0.12516,1,-1.0
2022-09-21,2022-09-21,0.12578,-1,-1.0
2022-09-22,2022-09-22,0.12548,1,-1.0
2022-09-23,2022-09-23,0.12928,1,-1.0
2022-09-26,2022-09-26,0.13118,-1,-1.0
2022-09-27,2022-09-27,0.1298,-1,-1.0
2022-09-28,2022-09-28,0.12754,-1,-1.0
2022-09-29,2022-09-29,0.12613,-1,-1.0
2022-09-30,2022-09-30,0.12594,-1,-1.0
2022-10-03,2022-10-03,0.12408,-1,-1.0
2022-10-04,2022-10-04,0.1224,1,-1.0
2022-10-05,2022-10-05,0.12399,1,-1.0
2022-10-06,2022-10-06,0.12577,1,-1.0
2022-10-07,2022-10-07,0.12693,-1,-1.0
2022-10-10,2022-10-10,0.12631,1,-1.0
2022-10-11,2022-10-11,0.12707,-1,-1.0
2022-10-12,2022-10-12,0.12551,-1,-1.0
2022-10-13,2022-10-13,0.12302,1,-1.0
2022-10-14,2022-10-14,0.12431,-1,-1.0
2022-10-17,2022-10-17,0.12228,1,-1.0
2022-10-18,2022-10-18,0.12257,1,-1.0
2022-10-19,2022-10-19,0.12323,1,-1.0
2022-10-20,2022-10-20,0.12341,-1,-1.0
2022-10-21,2022-10-21,0.12222,-1,-1.0
2022-10-24,2022-10-24,0.12202,-1,-1.0
2022-10-25,2022-10-25,0.11984,0,-1.0
2022-10-26,2022-10-26,0.11991,-1,-1.0
2022-10-27,2022-10-27,0.11952,-1,-1.0
2022-10-28,2022-10-28,0.11886,1,-1.0
2022-10-31,2022-10-31,0.11935,1,-1.0
2022-11-01,2022-11-01,0.1197,1,-1.0
2022-11-02,2022-11-02,0.12036,1,-1.0
2022-11-03,2022-11-03,0.1227,-1,-1.0
2022-11-04,2022-11-04,0.12231,-1,-1.0
2022-11-07,2022-11-07,0.12013,-1,-1.0
2022-11-08,2022-11-08,0.11943,1,-1.0
2022-11-09,2022-11-09,0.12156,-1,-1.0
2022-11-10,2022-11-10,0.11878,0,-1.0
2022-11-11,2022-11-11,0.11879,1,-1.0
2022-11-14,2022-11-14,0.12024,-1,-1.0
2022-11-15,2022-11-15,0.11957,-1,-1.0
2022-11-16,2022-11-16,0.11839,-1,-1.0
2022-11-17,2022-11-17,0.11769,1,-1.0
2022-11-18,2022-11-18,0.11814,0,-1.0
2022-11-21,2022-11-21,0.11807,-1,-1.0
2022-11-22,2022-11-22,0.11782,-1,-1.0
2022-11-23,2022-11-23,0.11575,-1,-1.0
2022-11-24,2022-11-24,0.11541,0,-1.0
2022-11-25,2022-11-25,0.1154,1,-1.0
2022-11-28,2022-11-28,0.11596,1,-1.0
2022-11-29,2022-11-29,0.11686,0,-1.0
2022-11-30,2022-11-30,0.11688,-1,-1.0
2022-12-01,2022-12-01,0.11592,0,-1.0
2022-12-02,2022-12-02,0.11589,1,-1.0
2022-12-05,2022-12-05,0.11774,0,-1.0
2022-12-06,2022-12-06,0.11783,-1,-1.0
2022-12-07,2022-12-07,0.1175,-1,-1.0
2022-12-08,2022-12-08,0.11725,0,-1.0
2022-12-09,2022-12-09,0.11715,-1,-1.0
2022-12-12,2022-12-12,0.11676,-1,-1.0
2022-12-13,2022-12-13,0.11645,0,-1.0
2022-12-14,2022-12-14,0.11642,1,-1.0
2022-12-15,2022-12-15,0.11772,0,-1.0
2022-12-16,2022-12-16,0.11769,1,-1.0
2022-12-19,2022-12-19,0.11795,0,-1.0
2022-12-20,2022-12-20,0.11786,1,-1.0
2022-12-21,2022-12-21,0.11846,1,-1.0
2022-12-22,2022-12-22,0.11887,-1,-1.0
2022-12-23,2022-12-23,0.11872,1,-1.0
2022-12-26,2022-12-26,0.11899,1,-1.0
2022-12-27,2022-12-27,0.11938,-1,-1.0
2022-12-28,2022-12-28,0.11884,1,-1.0
2022-12-29,2022-12-29,0.11904,1,-1.0
2022-12-30,2022-12-30,0.11976,1,-1.0
2023-01-02,2023-01-02,0.12032,1,-1.0
2023-01-03,2023-01-03,0.12079,-1,-1.0
2023-01-04,2023-01-04,0.12039,1,-1.0
2023-01-05,2023-01-05,0.12199,-1,-1.0
2023-01-06,2023-01-06,0.12088,1,-1.0
2023-01-09,2023-01-09,0.12112,1,-1.0
2023-01-10,2023-01-10,0.12137,1,-1.0
2023-01-11,2023-01-11,0.12155,-1,-1.0
2023-01-12,2023-01-12,0.12135,1,-1.0
2023-01-13,2023-01-13,0.12201,-1,-1.0
2023-01-16,2023-01-16,0.12174,-1,-1.0
2023-01-17,2023-01-17,0.1201,0,-1.0
2023-01-18,2023-01-18,0.12005,-1,-1.0
2023-01-19,2023-01-19,0.11909,-1,-1.0
2023-01-20,2023-01-20,0.11882,1,-1.0
2023-01-23,2023-01-23,0.11906,1,-1.0
2023-01-24,2023-01-24,0.11942,-1,-1.0
2023-01-25,2023-01-25,0.11889,-1,-1.0
2023-01-26,2023-01-26,0.11872,1,-1.0
2023-01-27,2023-01-27,0.11902,1,-1.0
2023-01-30,2023-01-30,0.11993,1,-1.0
2023-01-31,2023-01-31,0.12015,-1,-1.0
2023-02-01,2023-02-01,0.11982,1,-1.0
2023-02-02,2023-02-02,0.12147,1,-1.0
2023-02-03,2023-02-03,0.12245,0,-1.0
2023-02-06,2023-02-06,0.12242,-1,-1.0
2023-02-07,2023-02-07,0.12215,-1,-1.0
2023-02-08,2023-02-08,0.12202,-1,-1.0
2023-02-09,2023-02-09,0.12172,0,-1.0
2023-02-10,2023-02-10,0.12178,-1,-1.0
2023-02-13,2023-02-13,0.12071,-1,-1.0
2023-02-14,2023-02-14,0.12029,1,-1.0
2023-02-15,2023-02-15,0.12123,1,-1.0
2023-02-16,2023-02-16,0.12151,-1,-1.0
2023-02-17,2023-02-17,0.12091,1,-1.0
2023-02-20,2023-02-20,0.12112,-1,-1.0
2023-02-21,2023-02-21,0.12018,1,-1.0
2023-02-22,2023-02-22,0.12045,1,-1.0
2023-02-23,2023-02-23,0.12062,-1,-1.0
2023-02-24,2023-02-24,0.12032,-1,-1.0
2023-02-27,2023-02-27,0.11931,1,-1.0
2023-02-28,2023-02-28,0.11993,1,-1.0
2023-03-01,2023-03-01,0.12131,-1,-1.0
2023-03-02,2023-03-02,0.12095,-1,-1.0
2023-03-03,2023-03-03,0.12018,-1,-1.0
2023-03-06,2023-03-06,0.11994,1,-1.0
2023-03-07,2023-03-07,0.12143,0,-1.0
2023-03-08,2023-03-08,0.12146,-1,-1.0
2023-03-09,2023-03-09,0.12038,0,-1.0
2023-03-10,2023-03-10,0.12036,-1,-1.0
2023-03-13,2023-03-13,0.11991,-1,-1.0
2023-03-14,2023-03-14,0.11957,1,-1.0
2023-03-15,2023-03-15,0.12007,-1,-1.0
2023-03-16,2023-03-16,0.11964,-1,-1.0
2023-03-17,2023-03-17,0.11923,-1,-1.0
2023-03-20,2023-03-20,0.11841,1,-1.0
2023-03-21,2023-03-21,0.11886,-1,-1.0
2023-03-22,2023-03-22,0.11841,1,-1.0
2023-03-23,2023-03-23,0.11933,-1,-1.0
2023-03-24,2023-03-24,0.11903,-1,-1.0
2023-03-27,2023-03-27,0.11822,-1,-1.0
2023-03-28,2023-03-28,0.11785,0,-1.0
2023-03-29,2023-03-29,0.11785,-1,-1.0
2023-03-30,2023-03-30,0.11742,1,-1.0
2023-03-31,2023-03-31,0.118,-1,-1.0
2023-04-03,2023-04-03,0.11703,-1,-1.0
2023-04-04,2023-04-04,0.11625,1,-1.0
2023-04-05,2023-04-05,0.11663,1,-1.0
2023-04-06,2023-04-06,0.11688,1,-1.0
2023-04-07,2023-04-07,0.11719,1,-1.0
2023-04-10,2023-04-10,0.11733,-1,-1.0
2023-04-11,2023-04-11,0.11689,-1,-1.0
2023-04-12,2023-04-12,0.11647,-1,-1.0
2023-04-13,2023-04-13,0.1162,1,-1.0
2023-04-14,2023-04-14,0.11722,1,-1.0
2023-04-17,2023-04-17,0.1174,-1,-1.0
2023-04-18,2023-04-18,0.11701,-1,-1.0
2023-04-19,2023-04-19,0.11668,1,-1.0
2023-04-20,2023-04-20,0.1169,-1,-1.0
2023-04-21,2023-04-21,0.11653,-1,-1.0
2023-04-24,2023-04-24,0.11611,0,-1.0
2023-04-25,2023-04-25,0.1162,-1,-1.0
2023-04-26,2023-04-26,0.11577,-1,-1.0
2023-04-27,2023-04-27,0.11553,-1,-1.0
2023-04-28,2023-04-28,0.11509,1,-1.0
2023-05-01,2023-05-01,0.11574,1,-1.0
2023-05-02,2023-05-02,0.11595,-1,-1.0
2023-05-03,2023-05-03,0.11509,0,-1.0
2023-05-04,2023-05-04,0.11507,-1,-1.0
2023-05-05,2023-05-05,0.11451,0,-1.0
2023-05-08,2023-05-08,0.11458,-1,-1.0
2023-05-09,2023-05-09,0.11443,-1,-1.0
2023-05-10,2023-05-10,0.11418,1,-1.0
2023-05-11,2023-05-11,0.11509,1,-1.0
2023-05-12,2023-05-12,0.11528,-1,-1.0
2023-05-15,2023-05-15,0.11475,0,-1.0
2023-05-16,2023-05-16,0.11473,-1,-1.0
2023-05-17,2023-05-17,0.11437,1,-1.0
2023-05-18,2023-05-18,0.1145,0,-1.0
2023-05-19,2023-05-19,0.11446,-1,-1.0
2023-05-22,2023-05-22,0.11425,-1,-1.0
2023-05-23,2023-05-23,0.11412,1,-1.0
2023-05-24,2023-05-24,0.1145,0,-1.0
2023-05-25,2023-05-25,0.11459,0,-1.0
2023-05-26,2023-05-26,0.11457,-1,-1.0
2023-05-29,2023-05-29,0.11434,-1,-1.0
2023-05-30,2023-05-30,0.11376,-1,-1.0
2023-05-31,2023-05-31,0.11301,-1,-1.0
2023-06-01,2023-06-01,0.11249,1,-1.0
2023-06-02,2023-06-02,0.11335,-1,-1.0
2023-06-05,2023-06-05,0.11322,-1,-1.0
2023-06-06,2023-06-06,0.11298,-1,-1.0
2023-06-07,2023-06-07,0.11271,-1,-1.0
2023-06-08,2023-06-08,0.11192,-1,-1.0
2023-06-09,2023-06-09,0.1115,1,-1.0
2023-06-12,2023-06-12,0.11182,-1,-1.0
2023-06-13,2023-06-13,0.11057,-1,-1.0
2023-06-14,2023-06-14,0.11021,-1,-1.0
2023-06-15,2023-06-15,0.10982,-1,-1.0
2023-06-16,2023-06-16,0.10937,-1,-1.0
2023-06-19,2023-06-19,0.10922,-1,-1.0
2023-06-20,2023-06-20,0.10904,0,-1.0
2023-06-21,2023-06-21,0.10899,1,-1.0
2023-06-22,2023-06-22,0.10925,1,-1.0
2023-06-23,2023-06-23,0.1095,-1,-1.0
2023-06-26,2023-06-26,0.10865,-1,-1.0
2023-06-27,2023-06-27,0.10854,1,-1.0
2023-06-28,2023-06-28,0.10917,0,-1.0
2023-06-29,2023-06-29,0.10924,-1,-1.0
2023-06-30,2023-06-30,0.10858,1,-1.0
2023-07-03,2023-07-03,0.10878,1,-1.0
2023-07-04,2023-07-04,0.10896,-1,-1.0
2023-07-05,2023-07-05,0.10856,-1,-1.0
2023-07-06,2023-07-06,0.1082,-1,-1.0
2023-07-07,2023-07-07,0.10783,-1,-1.0
2023-07-10,2023-07-10,0.1076,-1,-1.0
2023-07-11,2023-07-11,0.10722,1,-1.0
2023-07-12,2023-07-12,0.1074,-1,-1.0
2023-07-13,2023-07-13,0.10643,1,-1.0
2023-07-14,2023-07-14,0.10691,-1,-1.0
2023-07-17,2023-07-17,0.1066,1,-1.0
2023-07-18,2023-07-18,0.1068,1,-1.0
2023-07-19,2023-07-19,0.10702,1,-1.0
2023-07-20,2023-07-20,0.10828,-1,-1.0
2023-07-21,2023-07-21,0.10816,1,-1.0
2023-07-24,2023-07-24,0.10847,1,-1.0
2023-07-25,2023-07-25,0.1086,-1,-1.0
2023-07-26,2023-07-26,0.10831,1,-1.0
2023-07-27,2023-07-27,0.10889,-1,-1.0
2023-07-28,2023-07-28,0.10862,1,-1.0
2023-07-31,2023-07-31,0.109,0,-1.0
2023-08-01,2023-08-01,0.10899,1,-1.0
2023-08-02,2023-08-02,0.10933,1,-1.0
2023-08-03,2023-08-03,0.10983,-1,-1.0
2023-08-04,2023-08-04,0.1094,-1,-1.0
2023-08-07,2023-08-07,0.10872,0,-1.0
2023-08-08,2023-08-08,0.10868,1,-1.0
2023-08-09,2023-08-09,0.10902,1,-1.0
2023-08-10,2023-08-10,0.10926,-1,-1.0
2023-08-11,2023-08-11,0.10879,-1,-1.0
2023-08-14,2023-08-14,0.1085,-1,-1.0
2023-08-15,2023-08-15,0.10806,-1,-1.0
2023-08-16,2023-08-16,0.10757,0,-1.0
2023-08-17,2023-08-17,0.10759,1,-1.0
2023-08-18,2023-08-18,0.10783,-1,-1.0
2023-08-21,2023-08-21,0.10753,1,-1.0
2023-08-22,2023-08-22,0.10765,1,-1.0
2023-08-23,2023-08-23,0.10797,1,-1.0
2023-08-24,2023-08-24,0.10896,0,-1.0
2023-08-25,2023-08-25,0.10901,-1,-1.0
2023-08-28,2023-08-28,0.1088,-1,-1.0
2023-08-29,2023-08-29,0.10853,-1,-1.0
2023-08-30,2023-08-30,0.10787,1,-1.0
2023-08-31,2023-08-31,0.10869,1,-1.0
2023-09-01,2023-09-01,0.10935,-1,-1.0
2023-09-04,2023-09-04,0.10883,1,-1.0
2023-09-05,2023-09-05,0.10894,1,-1.0
2023-09-06,2023-09-06,0.10921,1,-1.0
2023-09-07,2023-09-07,0.10934,0,-1.0
2023-09-08,2023-09-08,0.1093,1,-1.0
2023-09-11,2023-09-11,0.1096,1,-1.0
2023-09-12,2023-09-12,0.10974,1,-1.0
2023-09-13,2023-09-13,0.10998,1,-1.0
2023-09-14,2023-09-14,0.11068,1,-1.0
2023-09-15,2023-09-15,0.11086,-1,-1.0
2023-09-18,2023-09-18,0.11069,-1,-1.0
2023-09-19,2023-09-19,0.11055,1,-1.0
2023-09-20,2023-09-20,0.11114,1,-1.0
2023-09-21,2023-09-21,0.11129,1,-1.0
2023-09-22,2023-09-22,0.11189,0,-1.0
2023-09-25,2023-09-25,0.11196,1,-1.0
2023-09-26,2023-09-26,0.11247,1,-1.0
2023-09-27,2023-09-27,0.11263,-1,-1.0
2023-09-28,2023-09-28,0.11219,0,-1.0
2023-09-29,2023-09-29,0.11219,1,-1.0
2023-10-02,2023-10-02,0.11299,1,-1.0
2023-10-03,2023-10-03,0.11336,-1,-1.0
2023-10-04,2023-10-04,0.11273,-1,-1.0
2023-10-05,2023-10-05,0.1123,-1,-1.0
2023-10-06,2023-10-06,0.11185,1,-1.0
2023-10-09,2023-10-09,0.11205,-1,-1.0
2023-10-10,2023-10-10,0.11152,-1,-1.0
2023-10-11,2023-10-11,0.11119,1,-1.0
2023-10-12,2023-10-12,0.1124,1,-1.0
2023-10-13,2023-10-13,0.11271,-1,-1.0
2023-10-16,2023-10-16,0.11193,1,-1.0
2023-10-17,2023-10-17,0.11219,1,-1.0
2023-10-18,2023-10-18,0.11253,0,-1.0
2023-10-19,2023-10-19,0.11253,-1,-1.0
2023-10-20,2023-10-20,0.11233,-1,-1.0
2023-10-23,2023-10-23,0.11155,1,-1.0
2023-10-24,2023-10-24,0.11242,1,-1.0
2023-10-25,2023-10-25,0.11281,-1,-1.0
2023-10-26,2023-10-26,0.11266,0,-1.0
2023-10-27,2023-10-27,0.11268,-1,-1.0
2023-10-30,2023-10-30,0.11231,0,-1.0
2023-10-31,2023-10-31,0.11242,0,-1.0
2023-11-01,2023-11-01,0.11245,-1,-1.0
2023-11-02,2023-11-02,0.11196,-1,-1.0
2023-11-03,2023-11-03,0.11059,1,-1.0
2023-11-06,2023-11-06,0.11142,1,-1.0
2023-11-07,2023-11-07,0.11171,0,-1.0
2023-11-08,2023-11-08,0.11176,1,-1.0
2023-11-09,2023-11-09,0.11227,0,-1.0
2023-11-10,2023-11-10,0.11219,-1,-1.0
2023-11-13,2023-11-13,0.1117,-1,-1.0
2023-11-14,2023-11-14,0.11028,1,-1.0
2023-11-15,2023-11-15,0.11114,0,-1.0
2023-11-16,2023-11-16,0.11117,0,-1.0
2023-11-17,2023-11-17,0.11121,1,-1.0
2023-11-20,2023-11-20,0.11145,1,-1.0
2023-11-21,2023-11-21,0.11173,0,-1.0
2023-11-22,2023-11-22,0.11181,-1,-1.0
2023-11-23,2023-11-23,0.11162,-1,-1.0
2023-11-24,2023-11-24,0.11091,-1,-1.0
2023-11-27,2023-11-27,0.11064,-1,-1.0
2023-11-28,2023-11-28,0.11027,1,-1.0
2023-11-29,2023-11-29,0.11044,1,-1.0
2023-11-30,2023-11-30,0.11095,-1,-1.0
2023-12-01,2023-12-01,0.11017,1,-1.0
2023-12-04,2023-12-04,0.11093,1,-1.0
2023-12-05,2023-12-05,0.11105,1,-1.0
2023-12-06,2023-12-06,0.11119,-1,-1.0
2023-12-07,2023-12-07,0.11102,0,-1.0
2023-12-08,2023-12-08,0.11113,-1,-1.0
2023-12-11,2023-12-11,0.11095,0,-1.0
2023-12-12,2023-12-12,0.11087,-1,-1.0
2023-12-13,2023-12-13,0.11038,-1,-1.0
2023-12-14,2023-12-14,0.11016,1,-1.0
2023-12-15,2023-12-15,0.11062,1,-1.0
2023-12-18,2023-12-18,0.11079,-1,-1.0
2023-12-19,2023-12-19,0.11013,1,-1.0
2023-12-20,2023-12-20,0.11082,-1,-1.0
2023-12-21,2023-12-21,0.11038,0,-1.0
2023-12-22,2023-12-22,0.11038,0,-1.0
2023-12-25,2023-12-25,0.11039,-1,-1.0
2023-12-26,2023-12-26,0.10994,-1,-1.0
2023-12-27,2023-12-27,0.10942,1,-1.0
2023-12-28,2023-12-28,0.11046,1,-1.0
2023-12-29,2023-12-29,0.11059,0,-1.0
2024-01-01,2024-01-01,0.11062,1,-1.0
2024-01-02,2024-01-02,0.11089,-1,-1.0
2024-01-03,2024-01-03,0.11039,-1,-1.0
2024-01-04,2024-01-04,0.11011,0,-1.0
2024-01-05,2024-01-05,0.11006,-1,-1.0
2024-01-08,2024-01-08,0.10954,1,-1.0
2024-01-09,2024-01-09,0.10985,-1,-1.0
2024-01-10,2024-01-10,0.10947,-1,-1.0
2024-01-11,2024-01-11,0.10932,1,-1.0
2024-01-12,2024-01-12,0.10943,0,-1.0
2024-01-15,2024-01-15,0.1095,1,-1.0
2024-01-16,2024-01-16,0.11002,-1,-1.0
2024-01-17,2024-01-17,0.10963,-1,-1.0
2024-01-18,2024-01-18,0.10932,0,-1.0
2024-01-19,2024-01-19,0.10942,0,-1.0
2024-01-22,2024-01-22,0.10936,1,-1.0
2024-01-23,2024-01-23,0.10986,0,-1.0
2024-01-24,2024-01-24,0.10983,-1,-1.0
2024-01-25,2024-01-25,0.10972,0,-1.0
2024-01-26,2024-01-26,0.10966,0,-1.0
2024-01-29,2024-01-29,0.10976,0,-1.0
2024-01-30,2024-01-30,0.10974,1,-1.0
2024-01-31,2024-01-31,0.10998,-1,-1.0
2024-02-01,2024-02-01,0.10924,1,-1.0
2024-02-02,2024-02-02,0.10999,1,-1.0
2024-02-05,2024-02-05,0.11078,-1,-1.0
2024-02-06,2024-02-06,0.11034,-1,-1.0
2024-02-07,2024-02-07,0.11004,0,-1.0
2024-02-08,2024-02-08,0.11007,0,-1.0
2024-02-09,2024-02-09,0.11002,0,-1.0
2024-02-12,2024-02-12,0.11003,1,-1.0
2024-02-13,2024-02-13,0.11034,1,-1.0
2024-02-14,2024-02-14,0.11063,-1,-1.0
2024-02-15,2024-02-15,0.11032,0,-1.0
2024-02-16,2024-02-16,0.11028,0,-1.0
2024-02-19,2024-02-19,0.11022,0,-1.0
2024-02-20,2024-02-20,0.11013,0,-1.0
2024-02-21,2024-02-21,0.11018,-1,-1.0
2024-02-22,2024-02-22,0.10974,0,-1.0
2024-02-23,2024-02-23,0.10964,-1,-1.0
2024-02-26,2024-02-26,0.10948,0,-1.0
2024-02-27,2024-02-27,0.10949,1,-1.0
2024-02-28,2024-02-28,0.10969,1,-1.0
2024-02-29,2024-02-29,0.11016,-1,-1.0
2024-03-01,2024-03-01,0.10978,-1,-1.0
2024-03-04,2024-03-04,0.10941,0,-1.0
2024-03-05,2024-03-05,0.10932,-1,-1.0
2024-03-06,2024-03-06,0.10904,-1,-1.0
2024-03-07,2024-03-07,0.1085,-1,-1.0
2024-03-08,2024-03-08,0.10818,1,-1.0
2024-03-11,2024-03-11,0.10866,1,-1.0
2024-03-12,2024-03-12,0.10882,-1,-1.0
2024-03-13,2024-03-13,0.10867,1,-1.0
2024-03-14,2024-03-14,0.10897,0,-1.0
2024-03-15,2024-03-15,0.10903,0,-1.0
2024-03-18,2024-03-18,0.1091,0,-1.0
2024-03-19,2024-03-19,0.10913,0,-1.0
2024-03-20,2024-03-20,0.10918,1,-1.0
2024-03-21,2024-03-21,0.10966,0,-1.0
2024-03-22,2024-03-22,0.10971,0,-1.0
2024-03-25,2024-03-25,0.10968,0,-1.0
2024-03-26,2024-03-26,0.10966,-1,-1.0
2024-03-27,2024-03-27,0.10946,1,-1.0
2024-03-28,2024-03-28,0.10959,0,-1.0
2024-03-29,2024-03-29,0.10958,1,-1.0
2024-04-01,2024-04-01,0.11015,-1,-1.0
2024-04-02,2024-04-02,0.10997,-1,-1.0
2024-04-03,2024-04-03,0.10923,0,-1.0
2024-04-04,2024-04-04,0.10932,0,-1.0
2024-04-05,2024-04-05,0.10937,-1,-1.0
2024-04-08,2024-04-08,0.10923,-1,-1.0
2024-04-09,2024-04-09,0.10903,1,-1.0
2024-04-10,2024-04-10,0.1103,-1,-1.0
2024-04-11,2024-04-11,0.10999,1,-1.0
2024-04-12,2024-04-12,0.11092,0,-1.0
2024-04-15,2024-04-15,0.11097,0,-1.0
2024-04-16,2024-04-16,0.11105,-1,-1.0
2024-04-17,2024-04-17,0.11086,1,-1.0
2024-04-18,2024-04-18,0.11101,1,-1.0
2024-04-19,2024-04-19,0.11158,1,-1.0
2024-04-22,2024-04-22,0.11177,-1,-1.0
2024-04-23,2024-04-23,0.1108,0,-1.0
2024-04-24,2024-04-24,0.11081,-1,-1.0
2024-04-25,2024-04-25,0.11033,0,-1.0
2024-04-26,2024-04-26,0.1104,-1,-1.0
2024-04-29,2024-04-29,0.11001,1,-1.0
2024-04-30,2024-04-30,0.11038,1,-1.0
2024-05-01,2024-05-01,0.11056,-1,-1.0
2024-05-02,2024-05-02,0.11014,0,-1.0
2024-05-03,2024-05-03,0.11003,1,-1.0
2024-05-06,2024-05-06,0.11036,1,-1.0
2024-05-07,2024-05-07,0.1107,0,-1.0
2024-05-08,2024-05-08,0.11073,0,-1.0
2024-05-09,2024-05-09,0.11075,-1,-1.0
2024-05-10,2024-05-10,0.11046,-1,-1.0
2024-05-13,2024-05-13,0.11005,-1,-1.0
2024-05-14,2024-05-14,0.10976,-1,-1.0
2024-05-15,2024-05-15,0.10916,1,-1.0
2024-05-16,2024-05-16,0.10929,-1,-1.0
2024-05-17,2024-05-17,0.10894,-1,-1.0
2024-05-20,2024-05-20,0.10873,0,-1.0
2024-05-21,2024-05-21,0.10867,-1,-1.0
2024-05-22,2024-05-22,0.10856,1,-1.0
2024-05-23,2024-05-23,0.10871,-1,-1.0
2024-05-24,2024-05-24,0.10835,-1,-1.0
2024-05-27,2024-05-27,0.10805,0,-1.0
2024-05-28,2024-05-28,0.10813,1,-1.0
2024-05-29,2024-05-29,0.10855,0,-1.0
2024-05-30,2024-05-30,0.10854,-1,-1.0
2024-05-31,2024-05-31,0.10832,-1,-1.0
2024-06-03,2024-06-03,0.10778,1,-1.0
2024-06-04,2024-06-04,0.10813,-1,-1.0
2024-06-05,2024-06-05,0.10782,0,-1.0
2024-06-06,2024-06-06,0.10785,1,-1.0
2024-06-07,2024-06-07,0.10841,0,-1.0
2024-06-10,2024-06-10,0.10834,-1,-1.0
2024-06-11,2024-06-11,0.10817,-1,-1.0
2024-06-12,2024-06-12,0.10789,1,-1.0
2024-06-13,2024-06-13,0.108,1,-1.0
2024-06-14,2024-06-14,0.10859,-1,-1.0
2024-06-17,2024-06-17,0.10842,0,-1.0
2024-06-18,2024-06-18,0.1084,0,-1.0
2024-06-19,2024-06-19,0.10831,1,-1.0
2024-06-20,2024-06-20,0.10871,1,-1.0
2024-06-21,2024-06-21,0.10883,-1,-1.0
2024-06-24,2024-06-24,0.10856,0,-1.0
2024-06-25,2024-06-25,0.10847,1,-1.0
2024-06-26,2024-06-26,0.10899,-1,-1.0
2024-06-27,2024-06-27,0.10878,0,-1.0
2024-06-28,2024-06-28,0.10885,-1,-1.0
2024-07-01,2024-07-01,0.1087,-1,-1.0
2024-07-02,2024-07-02,0.10842,-1,-1.0
2024-07-03,2024-07-03,0.10788,0,-1.0
2024-07-04,2024-07-04,0.10779,-1,-1.0
2024-07-05,2024-07-05,0.10739,0,-1.0
2024-07-08,2024-07-08,0.10736,1,-1.0
2024-07-09,2024-07-09,0.10749,-1,-1.0
2024-07-10,2024-07-10,0.10692,-1,-1.0
2024-07-11,2024-07-11,0.10665,-1,-1.0
2024-07-12,2024-07-12,0.10614,0,-1.0
2024-07-15,2024-07-15,0.10615,-1,-1.0
2024-07-16,2024-07-16,0.10601,-1,-1.0
2024-07-17,2024-07-17,0.10584,1,-1.0
2024-07-18,2024-07-18,0.10636,1,-1.0
2024-07-19,2024-07-19,0.10648,-1,-1.0
2024-07-22,2024-07-22,0.10629,1,-1.0
2024-07-23,2024-07-23,0.1065,1,-1.0
2024-07-24,2024-07-24,0.10664,1,-1.0
2024-07-25,2024-07-25,0.10755,-1,-1.0
2024-07-26,2024-07-26,0.10709,0,-1.0
2024-07-29,2024-07-29,0.10705,1,-1.0
2024-07-30,2024-07-30,0.10741,1,-1.0
2024-07-31,2024-07-31,0.10787,1,-1.0
2024-08-01,2024-08-01,0.1083,1,-1.0
2024-08-02,2024-08-02,0.10902,1,-1.0
2024-08-05,2024-08-05,0.10973,1,-1.0
2024-08-06,2024-08-06,0.11004,-1,-1.0
2024-08-07,2024-08-07,0.10973,-1,-1.0
2024-08-08,2024-08-08,0.10928,0,-1.0
2024-08-09,2024-08-09,0.10933,-1,-1.0
2024-08-12,2024-08-12,0.10911,-1,-1.0
2024-08-13,2024-08-13,0.10859,1,-1.0
2024-08-14,2024-08-14,0.10886,-1,-1.0
2024-08-15,2024-08-15,0.10839,-1,-1.0
2024-08-16,2024-08-16,0.10783,0,-1.0
2024-08-19,2024-08-19,0.10778,-1,-1.0
2024-08-20,2024-08-20,0.10754,-1,-1.0
2024-08-21,2024-08-21,0.10702,-1,-1.0
2024-08-22,2024-08-22,0.10688,-1,-1.0
2024-08-23,2024-08-23,0.10621,1,-1.0
2024-08-26,2024-08-26,0.10646,-1,-1.0
2024-08-27,2024-08-27,0.10584,1,-1.0
2024-08-28,2024-08-28,0.10635,1,-1.0
2024-08-29,2024-08-29,0.10695,1,-1.0
2024-08-30,2024-08-30,0.10736,-1,-1.0
2024-09-02,2024-09-02,0.10683,1,-1.0
2024-09-03,2024-09-03,0.10709,-1,-1.0
2024-09-04,2024-09-04,0.10689,0,-1.0
2024-09-05,2024-09-05,0.10693,1,-1.0
2024-09-06,2024-09-06,0.10745,0,-1.0
2024-09-09,2024-09-09,0.10748,-1,-1.0
2024-09-10,2024-09-10,0.10732,1,-1.0
2024-09-11,2024-09-11,0.10767,-1,-1.0
2024-09-12,2024-09-12,0.10718,1,-1.0
2024-09-13,2024-09-13,0.10729,-1,-1.0
2024-09-16,2024-09-16,0.10665,1,-1.0
2024-09-17,2024-09-17,0.10707,-1,-1.0
2024-09-18,2024-09-18,0.10682,-1,-1.0
2024-09-19,2024-09-19,0.10646,0,-1.0
2024-09-20,2024-09-20,0.10647,-1,-1.0
2024-09-23,2024-09-23,0.10621,-1,-1.0
2024-09-24,2024-09-24,0.106,1,-1.0
2024-09-25,2024-09-25,0.10671,-1,-1.0
2024-09-26,2024-09-26,0.10631,1,-1.0
2024-09-27,2024-09-27,0.1066,-1,-1.0
2024-09-30,2024-09-30,0.10649,1,-1.0
2024-10-01,2024-10-01,0.10724,1,-1.0
2024-10-02,2024-10-02,0.10739,1,-1.0
2024-10-03,2024-10-03,0.10854,0,-1.0
2024-10-04,2024-10-04,0.10857,1,-1.0
2024-10-07,2024-10-07,0.10887,-1,-1.0
2024-10-08,2024-10-08,0.10805,0,-1.0
2024-10-09,2024-10-09,0.10801,1,-1.0
2024-10-10,2024-10-10,0.10812,1,-1.0
2024-10-11,2024-10-11,0.10824,-1,-1.0
2024-10-14,2024-10-14,0.10799,-1,-1.0
2024-10-15,2024-10-15,0.10739,1,-1.0
2024-10-16,2024-10-16,0.10807,-1,-1.0
2024-10-17,2024-10-17,0.10783,1,-1.0
2024-10-18,2024-10-18,0.10794,1,-1.0
2024-10-21,2024-10-21,0.10818,0,-1.0
2024-10-22,2024-10-22,0.10809,1,-1.0
2024-10-23,2024-10-23,0.10855,-1,-1.0
2024-10-24,2024-10-24,0.10821,0,-1.0
2024-10-25,2024-10-25,0.10821,-1,-1.0
2024-10-28,2024-10-28,0.10809,-1,-1.0
2024-10-29,2024-10-29,0.10774,1,-1.0
2024-10-30,2024-10-30,0.10834,1,-1.0
2024-10-31,2024-10-31,0.10912,-1,-1.0
2024-11-01,2024-11-01,0.10857,0,-1.0
2024-11-04,2024-11-04,0.10866,-1,-1.0
2024-11-05,2024-11-05,0.10787,1,-1.0
2024-11-06,2024-11-06,0.10803,-1,-1.0
2024-11-07,2024-11-07,0.10778,0,-1.0
2024-11-08,2024-11-08,0.10777,-1,-1.0
2024-11-11,2024-11-11,0.10766,1,-1.0
2024-11-12,2024-11-12,0.10841,1,-1.0
2024-11-13,2024-11-13,0.10886,1,-1.0
2024-11-14,2024-11-14,0.10901,1,-1.0
2024-11-15,2024-11-15,0.10956,-1,-1.0
2024-11-18,2024-11-18,0.10895,0,-1.0
2024-11-19,2024-11-19,0.10902,0,-1.0
2024-11-20,2024-11-20,0.10907,1,-1.0
2024-11-21,2024-11-21,0.10973,1,-1.0
2024-11-22,2024-11-22,0.11007,-1,-1.0
2024-11-25,2024-11-25,0.10988,-1,-1.0
2024-11-26,2024-11-26,0.10965,-1,-1.0
2024-11-27,2024-11-27,0.10877,0,-1.0
2024-11-28,2024-11-28,0.10875,-1,-1.0
2024-11-29,2024-11-29,0.10845,1,-1.0
2024-12-02,2024-12-02,0.10874,-1,-1.0
2024-12-03,2024-12-03,0.10825,1,-1.0
2024-12-04,2024-12-04,0.10836,-1,-1.0
2024-12-05,2024-12-05,0.10793,0,-1.0
2024-12-06,2024-12-06,0.108,0,-1.0
2024-12-09,2024-12-09,0.108,0,-1.0
2024-12-10,2024-12-10,0.10796,0,-1.0
2024-12-11,2024-12-11,0.10801,1,-1.0
2024-12-12,2024-12-12,0.10851,1,-1.0
2024-12-13,2024-12-13,0.10884,-1,-1.0
2024-12-16,2024-12-16,0.10816,-1,-1.0
2024-12-17,2024-12-17,0.10797,1,-1.0
2024-12-18,2024-12-18,0.1091,1,-1.0
2024-12-19,2024-12-19,0.10933,-1,-1.0
2024-12-20,2024-12-20,0.10898,1,-1.0
2024-12-23,2024-12-23,0.10927,0,-1.0
2024-12-24,2024-12-24,0.10931,-1,-1.0
2024-12-25,2024-12-25,0.10914,1,-1.0
2024-12-26,2024-12-26,0.10933,-1,-1.0
2024-12-27,2024-12-27,0.10897,0,-1.0
2024-12-30,2024-12-30,0.10906,1,-1.0
2024-12-31,2024-12-31,0.10938,0,-1.0
2025-01-01,2025-01-01,0.10934,1,-1.0
2025-01-02,2025-01-02,0.11065,-1,-1.0
2025-01-03,2025-01-03,0.10993,-1,-1.0
2025-01-06,2025-01-06,0.10903,1,-1.0
2025-01-07,2025-01-07,0.10934,1,-1.0
2025-01-08,2025-01-08,0.11028,1,-1.0
2025-01-09,2025-01-09,0.11076,1,-1.0
2025-01-10,2025-01-10,0.11167,1,-1.0
2025-01-13,2025-01-13,0.112,-1,-1.0
2025-01-14,2025-01-14,0.11168,-1,-1.0
2025-01-15,2025-01-15,0.11137,0,-1.0
2025-01-16,2025-01-16,0.11141,1,-1.0
2025-01-17,2025-01-17,0.11208,-1,-1.0
2025-01-20,2025-01-20,0.11108,1,-1.0
2025-01-21,2025-01-21,0.11149,1,-1.0
2025-01-22,2025-01-22,0.11161,-1,-1.0
2025-01-23,2025-01-23,0.11103,-1,-1.0
2025-01-24,2025-01-24,0.11054,-1,-1.0
2025-01-27,2025-01-27,0.1103,1,-1.0
2025-01-28,2025-01-28,0.1108,0,-1.0
2025-01-29,2025-01-29,0.1109,-1,-1.0
2025-01-30,2025-01-30,0.11078,1,-1.0
2025-01-31,2025-01-31,0.11113,0,-1.0
2025-02-03,2025-02-03,0.11115,-1,-1.0
2025-02-04,2025-02-04,0.11045,-1,-1.0
2025-02-05,2025-02-05,0.10992,1,-1.0
2025-02-06,2025-02-06,0.11029,1,-1.0
2025-02-07,2025-02-07,0.11059,0,-1.0
2025-02-10,2025-02-10,0.11065,-1,-1.0
2025-02-11,2025-02-11,0.1099,-1,-1.0
2025-02-12,2025-02-12,0.10956,-1,-1.0
2025-02-13,2025-02-13,0.10933,0,-1.0
2025-02-14,2025-02-14,0.10929,-1,-1.0
2025-02-17,2025-02-17,0.10905,-1,-1.0
2025-02-18,2025-02-18,0.10891,1,-1.0
2025-02-19,2025-02-19,0.10918,-1,-1.0
2025-02-20,2025-02-20,0.10873,1,-1.0
2025-02-21,2025-02-21,0.10918,0,-1.0
2025-02-24,2025-02-24,0.10921,-1,-1.0
2025-02-25,2025-02-25,0.10883,-1,-1.0
2025-02-26,2025-02-26,0.10864,1,-1.0
2025-02-27,2025-02-27,0.10885,1,-1.0
2025-02-28,2025-02-28,0.10911,-1,-1.0
2025-03-03,2025-03-03,0.10801,1,-1.0
2025-03-04,2025-03-04,0.10821,-1,-1.0
2025-03-05,2025-03-05,0.1069,0,-1.0
2025-03-06,2025-03-06,0.10697,0,-1.0
2025-03-07,2025-03-07,0.1069,0,-1.0
2025-03-10,2025-03-10,0.10693,-1,-1.0
2025-03-11,2025-03-11,0.1068,-1,-1.0
2025-03-12,2025-03-12,0.10653,0,-1.0
2025-03-13,2025-03-13,0.10656,1,-1.0
2025-03-14,2025-03-14,0.1067,0,-1.0
